s,ts_utc,begins,completed,success,unexpected,drops,in_ckpt_local,bin_present
1790147392,2026-09-23T07:09:52+00:00,460,199,199,0,74,False,True
1790147393,2026-09-23T07:09:53+00:00,1918,2170,2170,0,82,False,True
1790147394,2026-09-23T07:09:54+00:00,2000,2003,2003,0,0,False,True
1790147395,2026-09-23T07:09:55+00:00,2000,1998,1998,0,0,False,True
1790147396,2026-09-23T07:09:56+00:00,2000,2000,2000,0,0,False,True
1790147397,2026-09-23T07:09:57+00:00,2000,1991,1990,0,0,False,True
1790147398,2026-09-23T07:09:58+00:00,1999,2007,2006,0,0,False,True
1790147399,2026-09-23T07:09:59+00:00,2001,1996,1996,0,0,False,True
1790147400,2026-09-23T07:10:00+00:00,1999,1997,1997,0,0,False,True
1790147401,2026-09-23T07:10:01+00:00,2001,2000,2000,0,0,False,True
1790147402,2026-09-23T07:10:02+00:00,2000,1999,1998,0,0,False,True
1790147403,2026-09-23T07:10:03+00:00,2000,2007,2007,0,0,False,True
1790147404,2026-09-23T07:10:04+00:00,2000,1992,1992,0,0,False,True
1790147405,2026-09-23T07:10:05+00:00,2000,2008,2008,0,0,False,True
1790147406,2026-09-23T07:10:06+00:00,1999,1988,1988,0,0,False,True
1790147407,2026-09-23T07:10:07+00:00,2001,2016,2016,0,0,False,True
1790147408,2026-09-23T07:10:08+00:00,2000,1996,1996,0,0,False,True
1790147409,2026-09-23T07:10:09+00:00,1999,1999,1997,0,0,False,True
1790147410,2026-09-23T07:10:10+00:00,2001,2003,2002,0,0,False,True
1790147411,2026-09-23T07:10:11+00:00,2000,1994,1993,0,0,False,True
1790147412,2026-09-23T07:10:12+00:00,1998,2006,2003,0,0,False,True
1790147413,2026-09-23T07:10:13+00:00,2001,1995,1987,0,0,False,True
1790147414,2026-09-23T07:10:14+00:00,2001,1998,1993,0,0,False,True
1790147415,2026-09-23T07:10:15+00:00,1999,2005,1996,0,0,False,True
1790147416,2026-09-23T07:10:16+00:00,2001,2000,1996,0,0,False,True
1790147417,2026-09-23T07:10:17+00:00,1999,1993,1989,0,0,False,True
1790147418,2026-09-23T07:10:18+00:00,2000,2008,2003,0,0,False,True
1790147419,2026-09-23T07:10:19+00:00,2001,2000,1998,0,0,False,True
1790147420,2026-09-23T07:10:20+00:00,1999,2000,1992,0,0,False,True
1790147421,2026-09-23T07:10:21+00:00,2001,1994,1987,0,0,False,True
1790147422,2026-09-23T07:10:22+00:00,2000,2003,1996,0,0,False,True
1790147423,2026-09-23T07:10:23+00:00,2000,1996,1989,0,0,False,True
1790147424,2026-09-23T07:10:24+00:00,2000,2012,2003,0,0,False,True
1790147425,2026-09-23T07:10:25+00:00,2000,1992,1987,0,0,False,True
1790147426,2026-09-23T07:10:26+00:00,2000,1998,1989,0,0,False,True
1790147427,2026-09-23T07:10:27+00:00,1999,2005,1994,0,0,False,True
1790147428,2026-09-23T07:10:28+00:00,2001,1995,1988,0,0,False,True
1790147429,2026-09-23T07:10:29+00:00,2000,2003,1991,0,0,False,True
1790147430,2026-09-23T07:10:30+00:00,1999,2001,1994,0,0,False,True
1790147431,2026-09-23T07:10:31+00:00,2001,1997,1989,0,0,False,True
1790147432,2026-09-23T07:10:32+00:00,2000,1963,1954,0,0,False,True
1790147433,2026-09-23T07:10:33+00:00,2000,2037,2027,0,0,False,True
1790147434,2026-09-23T07:10:34+00:00,2000,2003,1998,0,0,False,True
1790147435,2026-09-23T07:10:35+00:00,2000,2002,1992,0,0,False,True
1790147436,2026-09-23T07:10:36+00:00,2000,1999,1988,0,0,False,True
1790147437,2026-09-23T07:10:37+00:00,1999,1994,1982,0,0,False,True
1790147438,2026-09-23T07:10:38+00:00,2000,1998,1984,0,0,False,True
1790147439,2026-09-23T07:10:39+00:00,2000,2009,1993,0,0,False,True
1790147440,2026-09-23T07:10:40+00:00,2000,1999,1983,0,0,False,True
1790147441,2026-09-23T07:10:41+00:00,2001,1995,1983,0,0,False,True
1790147442,2026-09-23T07:10:42+00:00,2000,2001,1990,0,0,False,True
1790147443,2026-09-23T07:10:43+00:00,2000,2002,1980,0,0,False,True
1790147444,2026-09-23T07:10:44+00:00,1999,1997,1982,0,0,False,True
1790147445,2026-09-23T07:10:45+00:00,2001,2001,1989,0,0,False,True
1790147446,2026-09-23T07:10:46+00:00,2000,2002,1987,0,0,False,True
1790147447,2026-09-23T07:10:47+00:00,2000,2002,1987,0,0,False,True
1790147448,2026-09-23T07:10:48+00:00,1920,1660,1651,0,79,False,True
1790147449,2026-09-23T07:10:49+00:00,968,1092,1084,0,1032,False,True
1790147450,2026-09-23T07:10:50+00:00,2001,2134,2119,0,0,False,True
1790147451,2026-09-23T07:10:51+00:00,2000,1996,1980,0,0,False,True
1790147452,2026-09-23T07:10:52+00:00,2000,2003,1998,0,0,False,True
1790147453,2026-09-23T07:10:53+00:00,2000,1989,1975,0,0,False,True
1790147454,2026-09-23T07:10:54+00:00,2000,1982,1975,0,0,False,True
1790147455,2026-09-23T07:10:55+00:00,2000,2028,2016,0,0,False,True
1790147456,2026-09-23T07:10:56+00:00,2000,2000,1985,0,0,False,True
1790147457,2026-09-23T07:10:57+00:00,2000,2003,1995,0,0,False,True
1790147458,2026-09-23T07:10:58+00:00,2000,1994,1986,0,0,False,True
1790147459,2026-09-23T07:10:59+00:00,2000,2001,1990,0,0,False,True
1790147460,2026-09-23T07:11:00+00:00,2000,2002,1986,0,0,False,True
1790147461,2026-09-23T07:11:01+00:00,2000,2007,1984,0,0,False,True
1790147462,2026-09-23T07:11:02+00:00,2000,1970,1955,0,0,False,True
1790147463,2026-09-23T07:11:03+00:00,2000,2021,1992,0,0,False,True
1790147464,2026-09-23T07:11:04+00:00,1999,1960,1949,0,0,False,True
1790147465,2026-09-23T07:11:05+00:00,2001,2048,2029,0,0,False,True
1790147466,2026-09-23T07:11:06+00:00,2000,1994,1975,0,0,False,True
1790147467,2026-09-23T07:11:07+00:00,2000,2004,1984,0,0,False,True
1790147468,2026-09-23T07:11:08+00:00,2000,1991,1973,0,0,False,True
1790147469,2026-09-23T07:11:09+00:00,2000,2003,1988,0,0,False,True
1790147470,2026-09-23T07:11:10+00:00,2000,2006,1982,0,0,False,True
1790147471,2026-09-23T07:11:11+00:00,2000,1998,1986,0,0,False,True
1790147472,2026-09-23T07:11:12+00:00,1999,1995,1977,0,0,False,True
1790147473,2026-09-23T07:11:13+00:00,2001,2009,1984,0,0,False,True
1790147474,2026-09-23T07:11:14+00:00,2000,1992,1972,0,0,False,True
1790147475,2026-09-23T07:11:15+00:00,1981,1991,1978,0,19,False,True
1790147476,2026-09-23T07:11:16+00:00,2000,1993,1975,0,0,False,True
1790147477,2026-09-23T07:11:17+00:00,1999,1999,1976,0,0,False,True
1790147478,2026-09-23T07:11:18+00:00,2001,1999,1980,0,0,False,True
1790147479,2026-09-23T07:11:19+00:00,2000,2000,1976,0,0,False,True
1790147480,2026-09-23T07:11:20+00:00,1999,1924,1905,0,0,False,True
1790147481,2026-09-23T07:11:21+00:00,1796,1865,1845,0,205,False,True
1790147482,2026-09-23T07:11:22+00:00,2000,2011,1987,0,0,False,True
1790147483,2026-09-23T07:11:23+00:00,1998,1997,1978,0,0,False,True
1790147484,2026-09-23T07:11:24+00:00,2002,2000,1987,0,0,False,True
1790147485,2026-09-23T07:11:25+00:00,2000,1987,1967,0,0,False,True
1790147486,2026-09-23T07:11:26+00:00,2000,2015,1995,0,0,False,True
1790147487,2026-09-23T07:11:27+00:00,1999,1998,1971,0,0,False,True
1790147488,2026-09-23T07:11:28+00:00,2001,1963,1939,0,0,False,True
1790147489,2026-09-23T07:11:29+00:00,2000,2032,2009,0,0,False,True
1790147490,2026-09-23T07:11:30+00:00,2000,2003,1979,0,0,False,True
1790147491,2026-09-23T07:11:31+00:00,2000,2004,1975,0,0,False,True
1790147492,2026-09-23T07:11:32+00:00,2000,2001,1983,0,0,False,True
1790147493,2026-09-23T07:11:33+00:00,2000,2000,1980,0,0,False,True
1790147494,2026-09-23T07:11:34+00:00,1999,1998,1978,0,0,False,True
1790147495,2026-09-23T07:11:35+00:00,2001,1970,1945,0,0,False,True
1790147496,2026-09-23T07:11:36+00:00,2000,1806,1781,0,0,False,True
1790147497,2026-09-23T07:11:37+00:00,1931,2148,2132,0,69,False,True
1790147498,2026-09-23T07:11:38+00:00,2000,2005,1981,0,0,False,True
1790147499,2026-09-23T07:11:39+00:00,1999,1995,1967,0,0,False,True
1790147500,2026-09-23T07:11:40+00:00,2001,1994,1964,0,0,False,True
1790147501,2026-09-23T07:11:41+00:00,2000,2009,1985,0,0,False,True
1790147502,2026-09-23T07:11:42+00:00,2000,1944,1915,0,0,False,True
1790147503,2026-09-23T07:11:43+00:00,1999,2054,2029,0,0,False,True
1790147504,2026-09-23T07:11:44+00:00,2001,2006,1982,0,0,False,True
1790147505,2026-09-23T07:11:45+00:00,2000,2002,1972,0,0,False,True
1790147506,2026-09-23T07:11:46+00:00,2000,1980,1959,0,0,False,True
1790147507,2026-09-23T07:11:47+00:00,2000,2013,1994,0,0,False,True
1790147508,2026-09-23T07:11:48+00:00,1639,1629,1605,0,361,False,True
1790147509,2026-09-23T07:11:49+00:00,2000,2001,1976,0,0,False,True
1790147510,2026-09-23T07:11:50+00:00,2000,1987,1967,0,0,False,True
1790147511,2026-09-23T07:11:51+00:00,2000,2002,1982,0,0,False,True
1790147512,2026-09-23T07:11:52+00:00,1999,2028,2005,0,0,False,True
1790147513,2026-09-23T07:11:53+00:00,2001,1957,1935,0,0,False,True
1790147514,2026-09-23T07:11:54+00:00,1999,2042,2015,0,0,False,True
1790147515,2026-09-23T07:11:55+00:00,2001,1963,1942,0,0,False,True
1790147516,2026-09-23T07:11:56+00:00,2000,2040,2018,0,0,False,True
1790147517,2026-09-23T07:11:57+00:00,2000,1992,1971,0,0,False,True
1790147518,2026-09-23T07:11:58+00:00,2000,2005,1984,0,0,False,True
1790147519,2026-09-23T07:11:59+00:00,2000,1958,1930,0,0,False,True
1790147520,2026-09-23T07:12:00+00:00,2000,2044,2024,0,0,False,True
1790147521,2026-09-23T07:12:01+00:00,2000,1991,1964,0,0,False,True
1790147522,2026-09-23T07:12:02+00:00,2000,2006,1983,0,0,False,True
1790147523,2026-09-23T07:12:03+00:00,2000,1999,1974,0,0,False,True
1790147524,2026-09-23T07:12:04+00:00,2000,2003,1978,0,0,False,True
1790147525,2026-09-23T07:12:05+00:00,2000,1993,1973,0,0,False,True
1790147526,2026-09-23T07:12:06+00:00,2000,2004,1976,0,0,False,True
1790147527,2026-09-23T07:12:07+00:00,2000,1995,1970,0,0,False,True
1790147528,2026-09-23T07:12:08+00:00,2000,2006,1980,0,0,False,True
1790147529,2026-09-23T07:12:09+00:00,2000,1995,1966,0,0,False,True
1790147530,2026-09-23T07:12:10+00:00,2000,2001,1978,0,0,False,True
1790147531,2026-09-23T07:12:11+00:00,2000,2003,1966,0,0,False,True
1790147532,2026-09-23T07:12:12+00:00,1999,2005,1985,0,0,False,True
1790147533,2026-09-23T07:12:13+00:00,2001,1990,1961,0,0,False,True
1790147534,2026-09-23T07:12:14+00:00,2000,1994,1971,0,0,False,True
1790147535,2026-09-23T07:12:15+00:00,2000,1979,1946,0,0,False,True
1790147536,2026-09-23T07:12:16+00:00,2000,2015,1992,0,0,False,True
1790147537,2026-09-23T07:12:17+00:00,2000,2013,1976,0,0,False,True
1790147538,2026-09-23T07:12:18+00:00,1999,2011,1979,0,0,False,True
1790147539,2026-09-23T07:12:19+00:00,2001,1986,1953,0,0,False,True
1790147540,2026-09-23T07:12:20+00:00,2000,2008,1971,0,0,False,True
1790147541,2026-09-23T07:12:21+00:00,1998,2001,1965,0,0,False,True
1790147542,2026-09-23T07:12:22+00:00,2001,1996,1975,0,0,False,True
1790147543,2026-09-23T07:12:23+00:00,2001,1971,1938,0,0,False,True
1790147544,2026-09-23T07:12:24+00:00,2000,2020,1990,0,0,False,True
1790147545,2026-09-23T07:12:25+00:00,2000,2012,1984,0,0,False,True
1790147546,2026-09-23T07:12:26+00:00,2000,1995,1966,0,0,False,True
1790147547,2026-09-23T07:12:27+00:00,2000,2001,1967,0,0,False,True
1790147548,2026-09-23T07:12:28+00:00,2000,2000,1968,0,0,False,True
1790147549,2026-09-23T07:12:29+00:00,2000,2000,1976,0,0,False,True
1790147550,2026-09-23T07:12:30+00:00,2000,2003,1966,0,0,False,True
1790147551,2026-09-23T07:12:31+00:00,2000,2002,1966,0,0,False,True
1790147552,2026-09-23T07:12:32+00:00,2000,1997,1974,0,0,False,True
1790147553,2026-09-23T07:12:33+00:00,1998,2000,1954,0,0,False,True
1790147554,2026-09-23T07:12:34+00:00,2002,1992,1955,0,0,False,True
1790147555,2026-09-23T07:12:35+00:00,2000,2005,1980,0,0,False,True
1790147556,2026-09-23T07:12:36+00:00,2000,2003,1971,0,0,False,True
1790147557,2026-09-23T07:12:37+00:00,2000,2003,1969,0,0,False,True
1790147558,2026-09-23T07:12:38+00:00,2000,1990,1959,0,0,False,True
1790147559,2026-09-23T07:12:39+00:00,2000,1986,1945,0,0,False,True
1790147560,2026-09-23T07:12:40+00:00,2000,2004,1972,0,0,False,True
1790147561,2026-09-23T07:12:41+00:00,2000,2011,1973,0,0,False,True
1790147562,2026-09-23T07:12:42+00:00,2000,2005,1965,0,0,False,True
1790147563,2026-09-23T07:12:43+00:00,2000,2004,1965,0,0,False,True
1790147564,2026-09-23T07:12:44+00:00,2000,1996,1958,0,0,False,True
1790147565,2026-09-23T07:12:45+00:00,2000,1999,1958,0,0,False,True
1790147566,2026-09-23T07:12:46+00:00,1999,1992,1951,0,0,False,True
1790147567,2026-09-23T07:12:47+00:00,2001,2013,1975,0,0,False,True
1790147568,2026-09-23T07:12:48+00:00,2000,1997,1966,0,0,False,True
1790147569,2026-09-23T07:12:49+00:00,2000,2002,1967,0,0,False,True
1790147570,2026-09-23T07:12:50+00:00,1999,1998,1969,0,0,False,True
1790147571,2026-09-23T07:12:51+00:00,2000,2001,1961,0,0,False,True
1790147572,2026-09-23T07:12:52+00:00,1999,1999,1958,0,0,False,True
1790147573,2026-09-23T07:12:53+00:00,2001,2004,1958,0,0,False,True
1790147574,2026-09-23T07:12:54+00:00,2001,1996,1956,0,0,False,True
1790147575,2026-09-23T07:12:55+00:00,2000,2004,1964,0,0,False,True
1790147576,2026-09-23T07:12:56+00:00,2000,1990,1950,0,0,False,True
1790147577,2026-09-23T07:12:57+00:00,1999,2001,1962,0,0,False,True
1790147578,2026-09-23T07:12:58+00:00,2001,2009,1977,0,0,False,True
1790147579,2026-09-23T07:12:59+00:00,2000,1994,1960,0,0,False,True
1790147580,2026-09-23T07:13:00+00:00,1999,2002,1966,0,0,False,True
1790147581,2026-09-23T07:13:01+00:00,2000,1995,1943,0,0,False,True
1790147582,2026-09-23T07:13:02+00:00,2001,2005,1967,0,0,False,True
1790147583,2026-09-23T07:13:03+00:00,2000,2001,1962,0,0,False,True
1790147584,2026-09-23T07:13:04+00:00,2000,1998,1955,0,0,False,True
1790147585,2026-09-23T07:13:05+00:00,1999,2001,1961,0,0,False,True
1790147586,2026-09-23T07:13:06+00:00,2001,1999,1954,0,0,False,True
1790147587,2026-09-23T07:13:07+00:00,2000,1995,1955,0,0,False,True
1790147588,2026-09-23T07:13:08+00:00,2000,2005,1961,0,0,False,True
1790147589,2026-09-23T07:13:09+00:00,2000,2003,1961,0,0,False,True
1790147590,2026-09-23T07:13:10+00:00,2000,2000,1964,0,0,False,True
1790147591,2026-09-23T07:13:11+00:00,2000,1997,1955,0,0,False,True
1790147592,2026-09-23T07:13:12+00:00,2000,1970,1928,0,0,False,True
1790147593,2026-09-23T07:13:13+00:00,1999,2033,1993,0,0,False,True
1790147594,2026-09-23T07:13:14+00:00,2001,2000,1955,0,0,False,True
1790147595,2026-09-23T07:13:15+00:00,2000,1998,1960,0,0,False,True
1790147596,2026-09-23T07:13:16+00:00,2000,2001,1963,0,0,False,True
1790147597,2026-09-23T07:13:17+00:00,2000,1995,1949,0,0,False,True
1790147598,2026-09-23T07:13:18+00:00,2000,2009,1962,0,0,False,True
1790147599,2026-09-23T07:13:19+00:00,2000,1997,1948,0,0,False,True
1790147600,2026-09-23T07:13:20+00:00,1999,1998,1958,0,0,False,True
1790147601,2026-09-23T07:13:21+00:00,2001,2006,1963,0,0,False,True
1790147602,2026-09-23T07:13:22+00:00,2000,1996,1963,0,0,False,True
1790147603,2026-09-23T07:13:23+00:00,2000,1999,1957,0,0,False,True
1790147604,2026-09-23T07:13:24+00:00,2000,1994,1949,0,0,False,True
1790147605,2026-09-23T07:13:25+00:00,2000,1992,1941,0,0,True,True
1790147606,2026-09-23T07:13:26+00:00,1999,2009,1970,0,0,True,True
1790147607,2026-09-23T07:13:27+00:00,2001,2006,1963,0,0,True,True
1790147608,2026-09-23T07:13:28+00:00,2000,2000,1963,0,0,True,True
1790147609,2026-09-23T07:13:29+00:00,2000,2002,1962,0,0,True,True
1790147610,2026-09-23T07:13:30+00:00,1999,1996,1947,0,0,True,True
1790147611,2026-09-23T07:13:31+00:00,2001,1998,1949,0,0,True,True
1790147612,2026-09-23T07:13:32+00:00,2000,2002,1961,0,0,True,True
1790147613,2026-09-23T07:13:33+00:00,1999,2000,1965,0,0,True,True
1790147614,2026-09-23T07:13:34+00:00,2001,1991,1948,0,0,True,True
1790147615,2026-09-23T07:13:35+00:00,2000,2006,1968,0,0,True,True
1790147616,2026-09-23T07:13:36+00:00,2000,1982,1924,0,0,True,True
1790147617,2026-09-23T07:13:37+00:00,2000,1996,1940,0,0,True,True
1790147618,2026-09-23T07:13:38+00:00,2000,2031,1981,0,0,True,True
1790147619,2026-09-23T07:13:39+00:00,2000,1997,1944,0,0,True,True
1790147620,2026-09-23T07:13:40+00:00,2000,1996,1940,0,0,True,True
1790147621,2026-09-23T07:13:41+00:00,1998,2001,1949,0,0,True,True
1790147622,2026-09-23T07:13:42+00:00,2002,2002,1948,0,0,True,True
1790147623,2026-09-23T07:13:43+00:00,2000,2002,1956,0,0,True,True
1790147624,2026-09-23T07:13:44+00:00,2000,1983,1930,0,0,True,True
1790147625,2026-09-23T07:13:45+00:00,2000,2013,1956,0,0,True,True
1790147626,2026-09-23T07:13:46+00:00,2000,1999,1948,0,0,True,True
1790147627,2026-09-23T07:13:47+00:00,2000,2009,1955,0,0,True,True
1790147628,2026-09-23T07:13:48+00:00,1999,1994,1958,0,0,True,True
1790147629,2026-09-23T07:13:49+00:00,2001,1995,1945,0,0,True,True
1790147630,2026-09-23T07:13:50+00:00,2000,2007,1968,0,0,True,True
1790147631,2026-09-23T07:13:51+00:00,2000,1993,1940,0,0,True,True
1790147632,2026-09-23T07:13:52+00:00,2000,2003,1951,0,0,True,True
1790147633,2026-09-23T07:13:53+00:00,2000,1971,1939,0,0,True,True
1790147634,2026-09-23T07:13:54+00:00,2000,1967,1953,0,0,True,True
1790147635,2026-09-23T07:13:55+00:00,2000,2046,2040,0,0,True,True
1790147636,2026-09-23T07:13:56+00:00,1999,2006,1999,0,0,True,True
1790147637,2026-09-23T07:13:57+00:00,2001,2008,1994,0,0,True,True
1790147638,2026-09-23T07:13:58+00:00,2000,2001,1997,0,0,True,True
1790147639,2026-09-23T07:13:59+00:00,2000,2002,1989,0,0,True,True
1790147640,2026-09-23T07:14:00+00:00,2000,2001,1993,0,0,True,True
1790147641,2026-09-23T07:14:01+00:00,2000,2001,1990,0,0,True,True
1790147642,2026-09-23T07:14:02+00:00,2000,1946,1941,0,0,True,True
1790147643,2026-09-23T07:14:03+00:00,2000,2050,2042,0,0,True,True
1790147644,2026-09-23T07:14:04+00:00,2000,1996,1986,0,0,True,True
1790147645,2026-09-23T07:14:05+00:00,2000,2008,1997,0,0,True,True
1790147646,2026-09-23T07:14:06+00:00,1999,1967,1960,0,0,True,True
1790147647,2026-09-23T07:14:07+00:00,2000,2035,2021,0,0,True,True
1790147648,2026-09-23T07:14:08+00:00,2000,1991,1978,0,0,True,True
1790147649,2026-09-23T07:14:09+00:00,2001,2011,1996,0,0,True,True
1790147650,2026-09-23T07:14:10+00:00,2000,1999,1983,0,0,True,True
1790147651,2026-09-23T07:14:11+00:00,2000,1996,1986,0,0,True,True
1790147652,2026-09-23T07:14:12+00:00,1999,1999,1987,0,0,True,True
1790147653,2026-09-23T07:14:13+00:00,2000,2001,1976,0,0,True,True
1790147654,2026-09-23T07:14:14+00:00,2000,2003,1985,0,0,True,True
1790147655,2026-09-23T07:14:15+00:00,2001,1995,1975,0,0,True,True
1790147656,2026-09-23T07:14:16+00:00,2000,1993,1979,0,0,True,True
1790147657,2026-09-23T07:14:17+00:00,2000,2011,1993,0,0,True,True
1790147658,2026-09-23T07:14:18+00:00,2000,1999,1986,0,0,True,True
1790147659,2026-09-23T07:14:19+00:00,2000,1994,1973,0,0,True,True
1790147660,2026-09-23T07:14:20+00:00,2000,1984,1963,0,0,True,True
1790147661,2026-09-23T07:14:21+00:00,1999,2021,1997,0,0,True,True
1790147662,2026-09-23T07:14:22+00:00,2001,1999,1978,0,0,True,True
1790147663,2026-09-23T07:14:23+00:00,2000,1992,1972,0,0,True,True
1790147664,2026-09-23T07:14:24+00:00,2000,2006,1977,0,0,True,True
1790147665,2026-09-23T07:14:25+00:00,2000,2003,1977,0,0,True,True
1790147666,2026-09-23T07:14:26+00:00,2000,2002,1967,0,0,True,True
1790147667,2026-09-23T07:14:27+00:00,2000,1999,1975,0,0,True,True
1790147668,2026-09-23T07:14:28+00:00,2000,1997,1970,0,0,True,True
1790147669,2026-09-23T07:14:29+00:00,2000,1996,1969,0,0,True,True
1790147670,2026-09-23T07:14:30+00:00,2000,2005,1979,0,0,True,True
1790147671,2026-09-23T07:14:31+00:00,2000,1997,1969,0,0,True,True
1790147672,2026-09-23T07:14:32+00:00,1999,2004,1991,0,0,True,True
1790147673,2026-09-23T07:14:33+00:00,2000,2000,1974,0,0,True,True
1790147674,2026-09-23T07:14:34+00:00,2001,2002,1971,0,0,True,True
1790147675,2026-09-23T07:14:35+00:00,2000,1976,1950,0,0,True,True
1790147676,2026-09-23T07:14:36+00:00,2000,2017,1989,0,0,True,True
1790147677,2026-09-23T07:14:37+00:00,2000,2002,1966,0,0,True,True
1790147678,2026-09-23T07:14:38+00:00,1999,2001,1977,0,0,True,True
1790147679,2026-09-23T07:14:39+00:00,2001,2003,1975,0,0,True,True
1790147680,2026-09-23T07:14:40+00:00,1999,1998,1967,0,0,True,True
1790147681,2026-09-23T07:14:41+00:00,2001,1996,1961,0,0,True,True
1790147682,2026-09-23T07:14:42+00:00,2000,2002,1976,0,0,True,True
1790147683,2026-09-23T07:14:43+00:00,2000,2004,1967,0,0,True,True
1790147684,2026-09-23T07:14:44+00:00,1999,1998,1970,0,0,True,True
1790147685,2026-09-23T07:14:45+00:00,2001,1998,1952,0,0,True,True
1790147686,2026-09-23T07:14:46+00:00,2000,2003,1980,0,0,True,True
1790147687,2026-09-23T07:14:47+00:00,2000,2001,1966,0,0,True,True
1790147688,2026-09-23T07:14:48+00:00,1999,1999,1955,0,0,True,True
1790147689,2026-09-23T07:14:49+00:00,2000,2001,1967,0,0,True,True
1790147690,2026-09-23T07:14:50+00:00,2000,1999,1967,0,0,True,True
1790147691,2026-09-23T07:14:51+00:00,2001,2002,1982,0,0,True,True
1790147692,2026-09-23T07:14:52+00:00,2000,1973,1946,0,0,True,True
1790147693,2026-09-23T07:14:53+00:00,1999,2011,1977,0,0,True,True
1790147694,2026-09-23T07:14:54+00:00,2000,2011,1990,0,0,True,True
1790147695,2026-09-23T07:14:55+00:00,1999,2001,1973,0,0,True,True
1790147696,2026-09-23T07:14:56+00:00,2001,1999,1965,0,0,True,True
1790147697,2026-09-23T07:14:57+00:00,2001,1998,1966,0,0,True,True
1790147698,2026-09-23T07:14:58+00:00,2000,2006,1975,0,0,True,True
1790147699,2026-09-23T07:14:59+00:00,2000,2000,1967,0,0,True,True
1790147700,2026-09-23T07:15:00+00:00,2000,1999,1973,0,0,True,True
1790147701,2026-09-23T07:15:01+00:00,2000,2000,1975,0,0,True,True
1790147702,2026-09-23T07:15:02+00:00,2000,1998,1967,0,0,True,True
1790147703,2026-09-23T07:15:03+00:00,2000,1996,1970,0,0,True,True
1790147704,2026-09-23T07:15:04+00:00,1999,1984,1951,0,0,True,True
1790147705,2026-09-23T07:15:05+00:00,2001,2021,1989,0,0,True,True
1790147706,2026-09-23T07:15:06+00:00,2000,2001,1971,0,0,True,True
1790147707,2026-09-23T07:15:07+00:00,2000,1985,1952,0,0,True,True
1790147708,2026-09-23T07:15:08+00:00,2000,2014,1981,0,0,True,True
1790147709,2026-09-23T07:15:09+00:00,1999,1997,1967,0,0,True,True
1790147710,2026-09-23T07:15:10+00:00,1999,2002,1968,0,0,True,True
1790147711,2026-09-23T07:15:11+00:00,2002,2001,1973,0,0,True,True
1790147712,2026-09-23T07:15:12+00:00,2000,1955,1925,0,0,True,True
1790147713,2026-09-23T07:15:13+00:00,2000,2042,2019,0,0,True,True
1790147714,2026-09-23T07:15:14+00:00,1999,1988,1960,0,0,True,True
1790147715,2026-09-23T07:15:15+00:00,2001,2018,1994,0,0,True,True
1790147716,2026-09-23T07:15:16+00:00,2000,2001,1965,0,0,True,True
1790147717,2026-09-23T07:15:17+00:00,2000,1996,1960,0,0,True,True
1790147718,2026-09-23T07:15:18+00:00,2000,1996,1962,0,0,True,True
1790147719,2026-09-23T07:15:19+00:00,2000,2009,1975,0,0,True,True
1790147720,2026-09-23T07:15:20+00:00,2000,1992,1963,0,0,True,True
1790147721,2026-09-23T07:15:21+00:00,2000,2007,1977,0,0,True,True
1790147722,2026-09-23T07:15:22+00:00,2000,1996,1972,0,0,True,True
1790147723,2026-09-23T07:15:23+00:00,2000,2002,1959,0,0,True,True
1790147724,2026-09-23T07:15:24+00:00,2000,1999,1963,0,0,False,True
1790147725,2026-09-23T07:15:25+00:00,2000,2004,1978,0,0,False,True
1790147726,2026-09-23T07:15:26+00:00,2000,1989,1959,0,0,False,True
1790147727,2026-09-23T07:15:27+00:00,1999,1981,1942,0,0,False,True
1790147728,2026-09-23T07:15:28+00:00,1999,2027,1993,0,0,False,True
1790147729,2026-09-23T07:15:29+00:00,2001,2002,1960,0,0,False,True
1790147730,2026-09-23T07:15:30+00:00,2001,1990,1958,0,0,False,True
1790147731,2026-09-23T07:15:31+00:00,2000,2012,1978,0,0,False,True
1790147732,2026-09-23T07:15:32+00:00,2000,1990,1960,0,0,False,True
1790147733,2026-09-23T07:15:33+00:00,1998,2001,1965,0,0,False,True
1790147734,2026-09-23T07:15:34+00:00,2002,2007,1967,0,0,False,True
1790147735,2026-09-23T07:15:35+00:00,1999,1985,1948,0,0,False,True
1790147736,2026-09-23T07:15:36+00:00,2001,2007,1970,0,0,False,True
1790147737,2026-09-23T07:15:37+00:00,2000,2003,1958,0,0,False,True
1790147738,2026-09-23T07:15:38+00:00,2000,2006,1957,0,0,False,True
1790147739,2026-09-23T07:15:39+00:00,2000,1996,1959,0,0,False,True
1790147740,2026-09-23T07:15:40+00:00,2000,1998,1965,0,0,False,True
1790147741,2026-09-23T07:15:41+00:00,2000,2003,1970,0,0,False,True
1790147742,2026-09-23T07:15:42+00:00,2000,1998,1962,0,0,False,True
1790147743,2026-09-23T07:15:43+00:00,1999,1999,1958,0,0,False,True
1790147744,2026-09-23T07:15:44+00:00,2001,2003,1950,0,0,False,True
1790147745,2026-09-23T07:15:45+00:00,2000,1957,1916,0,0,False,True
1790147746,2026-09-23T07:15:46+00:00,2000,2043,2007,0,0,False,True
1790147747,2026-09-23T07:15:47+00:00,2000,1996,1955,0,0,False,True
1790147748,2026-09-23T07:15:48+00:00,2000,1987,1943,0,0,False,True
1790147749,2026-09-23T07:15:49+00:00,1999,2015,1970,0,0,False,True
1790147750,2026-09-23T07:15:50+00:00,2001,2002,1960,0,0,False,True
1790147751,2026-09-23T07:15:51+00:00,2000,1993,1946,0,0,False,True
1790147752,2026-09-23T07:15:52+00:00,2000,2000,1963,0,0,False,True
1790147753,2026-09-23T07:15:53+00:00,2000,2007,1964,0,0,False,True
1790147754,2026-09-23T07:15:54+00:00,2000,2001,1949,0,0,False,True
1790147755,2026-09-23T07:15:55+00:00,2000,1992,1939,0,0,False,True
1790147756,2026-09-23T07:15:56+00:00,2000,1999,1960,0,0,False,True
1790147757,2026-09-23T07:15:57+00:00,2000,2002,1956,0,0,False,True
1790147758,2026-09-23T07:15:58+00:00,2000,2007,1973,0,0,False,True
1790147759,2026-09-23T07:15:59+00:00,1998,1998,1948,0,0,False,True
1790147760,2026-09-23T07:16:00+00:00,2002,2001,1959,0,0,False,True
1790147761,2026-09-23T07:16:01+00:00,2000,1999,1954,0,0,False,True
1790147762,2026-09-23T07:16:02+00:00,1999,1995,1954,0,0,False,True
1790147763,2026-09-23T07:16:03+00:00,2000,1995,1960,0,0,False,True
1790147764,2026-09-23T07:16:04+00:00,2000,2009,1976,0,0,False,True
1790147765,2026-09-23T07:16:05+00:00,2001,2004,1965,0,0,False,True
1790147766,2026-09-23T07:16:06+00:00,2000,1984,1943,0,0,False,True
1790147767,2026-09-23T07:16:07+00:00,1999,1982,1939,0,0,False,True
1790147768,2026-09-23T07:16:08+00:00,2001,2029,1993,0,0,False,True
1790147769,2026-09-23T07:16:09+00:00,2000,2005,1965,0,0,False,True
1790147770,2026-09-23T07:16:10+00:00,2000,2000,1961,0,0,False,True
1790147771,2026-09-23T07:16:11+00:00,2000,1995,1957,0,0,False,True
1790147772,2026-09-23T07:16:12+00:00,2000,1998,1956,0,0,False,True
1790147773,2026-09-23T07:16:13+00:00,2000,1997,1950,0,0,False,True
1790147774,2026-09-23T07:16:14+00:00,2000,2004,1966,0,0,False,True
1790147775,2026-09-23T07:16:15+00:00,2000,1997,1952,0,0,False,True
1790147776,2026-09-23T07:16:16+00:00,2000,2009,1970,0,0,False,True
1790147777,2026-09-23T07:16:17+00:00,2000,1999,1949,0,0,False,True
1790147778,2026-09-23T07:16:18+00:00,2000,1996,1955,0,0,False,True
1790147779,2026-09-23T07:16:19+00:00,2000,2005,1960,0,0,False,True
1790147780,2026-09-23T07:16:20+00:00,2000,1994,1958,0,0,False,True
1790147781,2026-09-23T07:16:21+00:00,2000,2000,1959,0,0,False,True
1790147782,2026-09-23T07:16:22+00:00,1999,2005,1957,0,0,False,True
1790147783,2026-09-23T07:16:23+00:00,2001,1932,1904,0,0,False,True
1790147784,2026-09-23T07:16:24+00:00,1999,2046,2003,0,0,False,True
1790147785,2026-09-23T07:16:25+00:00,2001,2019,1973,0,0,False,True
1790147786,2026-09-23T07:16:26+00:00,2000,1997,1949,0,0,False,True
1790147787,2026-09-23T07:16:27+00:00,2000,2003,1971,0,0,False,True
1790147788,2026-09-23T07:16:28+00:00,2000,1996,1956,0,0,False,True
1790147789,2026-09-23T07:16:29+00:00,2000,1985,1928,0,0,False,True
1790147790,2026-09-23T07:16:30+00:00,2000,2019,1970,0,0,False,True
1790147791,2026-09-23T07:16:31+00:00,2000,2003,1945,0,0,False,True
1790147792,2026-09-23T07:16:32+00:00,1999,1956,1920,0,0,False,True
1790147793,2026-09-23T07:16:33+00:00,2001,2040,1997,0,0,False,True
1790147794,2026-09-23T07:16:34+00:00,2000,2002,1965,0,0,False,True
1790147795,2026-09-23T07:16:35+00:00,2000,1997,1964,0,0,False,True
1790147796,2026-09-23T07:16:36+00:00,2000,2001,1955,0,0,False,True
1790147797,2026-09-23T07:16:37+00:00,1999,2004,1965,0,0,False,True
1790147798,2026-09-23T07:16:38+00:00,2001,1990,1951,0,0,False,True
1790147799,2026-09-23T07:16:39+00:00,2000,2000,1960,0,0,False,True
1790147800,2026-09-23T07:16:40+00:00,2000,2007,1966,0,0,False,True
1790147801,2026-09-23T07:16:41+00:00,2000,1914,1866,0,0,False,True
1790147802,2026-09-23T07:16:42+00:00,2000,2078,2034,0,0,False,True
1790147803,2026-09-23T07:16:43+00:00,2000,2003,1953,0,0,False,True
1790147804,2026-09-23T07:16:44+00:00,2000,2010,1970,0,0,False,True
1790147805,2026-09-23T07:16:45+00:00,2000,1998,1953,0,0,False,True
1790147806,2026-09-23T07:16:46+00:00,2000,1991,1943,0,0,False,True
1790147807,2026-09-23T07:16:47+00:00,1999,2008,1970,0,0,False,True
1790147808,2026-09-23T07:16:48+00:00,2001,1996,1948,0,0,False,True
1790147809,2026-09-23T07:16:49+00:00,2000,1975,1931,0,0,False,True
1790147810,2026-09-23T07:16:50+00:00,2000,1972,1934,0,0,False,True
1790147811,2026-09-23T07:16:51+00:00,2000,2052,1996,0,0,False,True
1790147812,2026-09-23T07:16:52+00:00,2000,2007,1963,0,0,False,True
1790147813,2026-09-23T07:16:53+00:00,1999,1996,1965,0,0,False,True
1790147814,2026-09-23T07:16:54+00:00,2001,1992,1964,0,0,False,True
1790147815,2026-09-23T07:16:55+00:00,1998,2009,1952,0,0,False,True
1790147816,2026-09-23T07:16:56+00:00,2002,1995,1946,0,0,False,True
1790147817,2026-09-23T07:16:57+00:00,1999,1975,1927,0,0,False,True
1790147818,2026-09-23T07:16:58+00:00,2001,2029,1987,0,0,False,True
1790147819,2026-09-23T07:16:59+00:00,2000,2002,1947,0,0,False,True
1790147820,2026-09-23T07:17:00+00:00,1999,1998,1948,0,0,False,True
1790147821,2026-09-23T07:17:01+00:00,2001,2006,1956,0,0,False,True
1790147822,2026-09-23T07:17:02+00:00,1998,1989,1942,0,0,False,True
1790147823,2026-09-23T07:17:03+00:00,2001,2006,1950,0,0,False,True
1790147824,2026-09-23T07:17:04+00:00,2001,1996,1948,0,0,False,True
1790147825,2026-09-23T07:17:05+00:00,2000,1966,1925,0,0,False,True
1790147826,2026-09-23T07:17:06+00:00,2000,2033,1983,0,0,False,True
1790147827,2026-09-23T07:17:07+00:00,2000,1998,1937,0,0,False,True
1790147828,2026-09-23T07:17:08+00:00,2000,2008,1955,0,0,False,True
1790147829,2026-09-23T07:17:09+00:00,2000,1998,1936,0,0,False,True
1790147830,2026-09-23T07:17:10+00:00,2000,1993,1950,0,0,False,True
1790147831,2026-09-23T07:17:11+00:00,2000,2010,1952,0,0,False,True
1790147832,2026-09-23T07:17:12+00:00,2000,2000,1944,0,0,False,True
1790147833,2026-09-23T07:17:13+00:00,1999,1999,1948,0,0,False,True
1790147834,2026-09-23T07:17:14+00:00,2001,1995,1941,0,0,False,True
1790147835,2026-09-23T07:17:15+00:00,1999,1998,1948,0,0,False,True
1790147836,2026-09-23T07:17:16+00:00,2000,1998,1939,0,0,False,True
1790147837,2026-09-23T07:17:17+00:00,2001,2011,1963,0,0,False,True
1790147838,2026-09-23T07:17:18+00:00,2000,1996,1955,0,0,False,True
1790147839,2026-09-23T07:17:19+00:00,2000,2006,1949,0,0,False,True
1790147840,2026-09-23T07:17:20+00:00,2000,1992,1941,0,0,False,True
1790147841,2026-09-23T07:17:21+00:00,2000,1998,1951,0,0,False,True
1790147842,2026-09-23T07:17:22+00:00,1999,2001,1943,0,0,False,True
1790147843,2026-09-23T07:17:23+00:00,2000,1939,1872,0,0,False,True
1790147844,2026-09-23T07:17:24+00:00,2001,2057,2001,0,0,False,True
1790147845,2026-09-23T07:17:25+00:00,2000,2009,1959,0,0,False,True
1790147846,2026-09-23T07:17:26+00:00,2000,2000,1942,0,0,False,True
1790147847,2026-09-23T07:17:27+00:00,2000,2000,1946,0,0,False,True
1790147848,2026-09-23T07:17:28+00:00,2000,1996,1948,0,0,False,True
1790147849,2026-09-23T07:17:29+00:00,2000,2004,1946,0,0,False,True
1790147850,2026-09-23T07:17:30+00:00,1999,1999,1950,0,0,False,True
1790147851,2026-09-23T07:17:31+00:00,2000,1997,1955,0,0,False,True
1790147852,2026-09-23T07:17:32+00:00,2000,2000,1948,0,0,False,True
1790147853,2026-09-23T07:17:33+00:00,2001,1999,1937,0,0,False,True
1790147854,2026-09-23T07:17:34+00:00,1999,2005,1947,0,0,False,True
1790147855,2026-09-23T07:17:35+00:00,2001,1997,1939,0,0,False,True
1790147856,2026-09-23T07:17:36+00:00,1999,2003,1938,0,0,False,True
1790147857,2026-09-23T07:17:37+00:00,2001,1998,1944,0,0,False,True
1790147858,2026-09-23T07:17:38+00:00,2000,1999,1941,0,0,False,True
1790147859,2026-09-23T07:17:39+00:00,2000,2003,1945,0,0,False,True
1790147860,2026-09-23T07:17:40+00:00,2000,2000,1941,0,0,False,True
1790147861,2026-09-23T07:17:41+00:00,2000,1999,1937,0,0,False,True
1790147862,2026-09-23T07:17:42+00:00,2000,2000,1933,0,0,False,True
1790147863,2026-09-23T07:17:43+00:00,2000,1999,1930,0,0,False,True
1790147864,2026-09-23T07:17:44+00:00,2000,1966,1904,0,0,False,True
1790147865,2026-09-23T07:17:45+00:00,2000,2031,1966,0,0,False,True
1790147866,2026-09-23T07:17:46+00:00,2000,2004,1939,0,0,False,True
1790147867,2026-09-23T07:17:47+00:00,2000,1996,1938,0,0,False,True
1790147868,2026-09-23T07:17:48+00:00,2000,2005,1949,0,0,False,True
1790147869,2026-09-23T07:17:49+00:00,2000,1997,1940,0,0,False,True
1790147870,2026-09-23T07:17:50+00:00,2000,1999,1934,0,0,False,True
1790147871,2026-09-23T07:17:51+00:00,2000,2005,1951,0,0,False,True
1790147872,2026-09-23T07:17:52+00:00,2000,1991,1922,0,0,False,True
1790147873,2026-09-23T07:17:53+00:00,2000,2003,1944,0,0,False,True
1790147874,2026-09-23T07:17:54+00:00,2000,2004,1993,0,0,False,True
1790147875,2026-09-23T07:17:55+00:00,2000,1996,1989,0,0,True,True
1790147876,2026-09-23T07:17:56+00:00,2000,2000,1993,0,0,True,True
1790147877,2026-09-23T07:17:57+00:00,1999,2003,1995,0,0,True,True
1790147878,2026-09-23T07:17:58+00:00,2001,2000,1996,0,0,True,True
1790147879,2026-09-23T07:17:59+00:00,2000,1995,1990,0,0,True,True
1790147880,2026-09-23T07:18:00+00:00,2000,2004,2002,0,0,True,True
1790147881,2026-09-23T07:18:01+00:00,2000,1999,1993,0,0,True,True
1790147882,2026-09-23T07:18:02+00:00,1999,2000,1993,0,0,True,True
1790147883,2026-09-23T07:18:03+00:00,2001,2004,2001,0,0,True,True
1790147884,2026-09-23T07:18:04+00:00,2000,1965,1959,0,0,True,True
1790147885,2026-09-23T07:18:05+00:00,2000,2041,2034,0,0,True,True
1790147886,2026-09-23T07:18:06+00:00,2000,1993,1985,0,0,True,True
1790147887,2026-09-23T07:18:07+00:00,2000,1996,1985,0,0,True,True
1790147888,2026-09-23T07:18:08+00:00,2000,1987,1985,0,0,True,True
1790147889,2026-09-23T07:18:09+00:00,1999,2019,2014,0,0,True,True
1790147890,2026-09-23T07:18:10+00:00,2001,1992,1986,0,0,True,True
1790147891,2026-09-23T07:18:11+00:00,2000,2007,1997,0,0,True,True
1790147892,2026-09-23T07:18:12+00:00,2000,1986,1977,0,0,True,True
1790147893,2026-09-23T07:18:13+00:00,2000,2014,2002,0,0,True,True
1790147894,2026-09-23T07:18:14+00:00,2000,2001,1989,0,0,True,True
1790147895,2026-09-23T07:18:15+00:00,1998,1999,1985,0,0,True,True
1790147896,2026-09-23T07:18:16+00:00,2002,1999,1988,0,0,True,True
1790147897,2026-09-23T07:18:17+00:00,2000,1998,1988,0,0,True,True
1790147898,2026-09-23T07:18:18+00:00,1999,2002,1989,0,0,True,True
1790147899,2026-09-23T07:18:19+00:00,2001,1997,1985,0,0,True,True
1790147900,2026-09-23T07:18:20+00:00,2000,1994,1988,0,0,True,True
1790147901,2026-09-23T07:18:21+00:00,2000,1986,1974,0,0,True,True
1790147902,2026-09-23T07:18:22+00:00,2000,2021,2009,0,0,True,True
1790147903,2026-09-23T07:18:23+00:00,2000,2001,1981,0,0,True,True
1790147904,2026-09-23T07:18:24+00:00,2000,1995,1979,0,0,True,True
1790147905,2026-09-23T07:18:25+00:00,2000,2004,1995,0,0,True,True
1790147906,2026-09-23T07:18:26+00:00,1999,1999,1990,0,0,True,True
1790147907,2026-09-23T07:18:27+00:00,2001,2007,1993,0,0,True,True
1790147908,2026-09-23T07:18:28+00:00,1998,1978,1961,0,0,True,True
1790147909,2026-09-23T07:18:29+00:00,2002,2016,2001,0,0,True,True
1790147910,2026-09-23T07:18:30+00:00,2000,2002,1988,0,0,True,True
1790147911,2026-09-23T07:18:31+00:00,1999,1997,1982,0,0,True,True
1790147912,2026-09-23T07:18:32+00:00,2000,2002,1990,0,0,True,True
1790147913,2026-09-23T07:18:33+00:00,2001,1995,1977,0,0,True,True
1790147914,2026-09-23T07:18:34+00:00,2000,1992,1977,0,0,True,True
1790147915,2026-09-23T07:18:35+00:00,2000,2013,2002,0,0,True,True
1790147916,2026-09-23T07:18:36+00:00,1998,2003,1985,0,0,True,True
1790147917,2026-09-23T07:18:37+00:00,2002,1997,1970,0,0,True,True
1790147918,2026-09-23T07:18:38+00:00,2000,1995,1977,0,0,True,True
1790147919,2026-09-23T07:18:39+00:00,1999,2004,1989,0,0,True,True
1790147920,2026-09-23T07:18:40+00:00,2001,2003,1988,0,0,True,True
1790147921,2026-09-23T07:18:41+00:00,2000,1992,1973,0,0,True,True
1790147922,2026-09-23T07:18:42+00:00,2000,2004,1988,0,0,True,True
1790147923,2026-09-23T07:18:43+00:00,2000,2008,1991,0,0,True,True
1790147924,2026-09-23T07:18:44+00:00,2000,1987,1970,0,0,True,True
1790147925,2026-09-23T07:18:45+00:00,2000,2008,1989,0,0,True,True
1790147926,2026-09-23T07:18:46+00:00,2000,2002,1980,0,0,True,True
1790147927,2026-09-23T07:18:47+00:00,2000,1994,1972,0,0,True,True
1790147928,2026-09-23T07:18:48+00:00,1999,2001,1979,0,0,True,True
1790147929,2026-09-23T07:18:49+00:00,2001,2004,1981,0,0,True,True
1790147930,2026-09-23T07:18:50+00:00,2000,1998,1980,0,0,True,True
1790147931,2026-09-23T07:18:51+00:00,2000,1998,1980,0,0,True,True
1790147932,2026-09-23T07:18:52+00:00,2000,2000,1972,0,0,True,True
1790147933,2026-09-23T07:18:53+00:00,2000,1994,1974,0,0,True,True
1790147934,2026-09-23T07:18:54+00:00,2000,2003,1989,0,0,True,True
1790147935,2026-09-23T07:18:55+00:00,1999,2001,1981,0,0,True,True
1790147936,2026-09-23T07:18:56+00:00,2001,2000,1987,0,0,True,True
1790147937,2026-09-23T07:18:57+00:00,2000,2003,1990,0,0,True,True
1790147938,2026-09-23T07:18:58+00:00,1999,2005,1981,0,0,True,True
1790147939,2026-09-23T07:18:59+00:00,2000,2000,1986,0,0,True,True
1790147940,2026-09-23T07:19:00+00:00,2000,1978,1958,0,0,True,True
1790147941,2026-09-23T07:19:01+00:00,2001,2022,2001,0,0,True,True
1790147942,2026-09-23T07:19:02+00:00,2000,1999,1980,0,0,True,True
1790147943,2026-09-23T07:19:03+00:00,1999,1998,1984,0,0,True,True
1790147944,2026-09-23T07:19:04+00:00,2001,1999,1981,0,0,True,True
1790147945,2026-09-23T07:19:05+00:00,2000,2000,1981,0,0,True,True
1790147946,2026-09-23T07:19:06+00:00,2000,2005,1984,0,0,True,True
1790147947,2026-09-23T07:19:07+00:00,2000,1993,1970,0,0,True,True
1790147948,2026-09-23T07:19:08+00:00,2000,2000,1980,0,0,True,True
1790147949,2026-09-23T07:19:09+00:00,2000,2002,1977,0,0,True,True
1790147950,2026-09-23T07:19:10+00:00,1999,1993,1970,0,0,True,True
1790147951,2026-09-23T07:19:11+00:00,2001,2008,1986,0,0,True,True
1790147952,2026-09-23T07:19:12+00:00,2000,1984,1954,0,0,True,True
1790147953,2026-09-23T07:19:13+00:00,2000,2016,1994,0,0,True,True
1790147954,2026-09-23T07:19:14+00:00,2000,1981,1961,0,0,True,True
1790147955,2026-09-23T07:19:15+00:00,2000,2021,1996,0,0,True,True
1790147956,2026-09-23T07:19:16+00:00,2000,1990,1963,0,0,True,True
1790147957,2026-09-23T07:19:17+00:00,1999,2007,1983,0,0,True,True
1790147958,2026-09-23T07:19:18+00:00,2001,2001,1981,0,0,True,True
1790147959,2026-09-23T07:19:19+00:00,2000,1996,1960,0,0,True,True
1790147960,2026-09-23T07:19:20+00:00,2000,2005,1981,0,0,True,True
1790147961,2026-09-23T07:19:21+00:00,2000,1979,1954,0,0,True,True
1790147962,2026-09-23T07:19:22+00:00,1999,2015,1984,0,0,True,True
1790147963,2026-09-23T07:19:23+00:00,2001,2002,1978,0,0,True,True
1790147964,2026-09-23T07:19:24+00:00,2000,1963,1933,0,0,True,True
1790147965,2026-09-23T07:19:25+00:00,2000,2045,2015,0,0,True,True
1790147966,2026-09-23T07:19:26+00:00,2000,1987,1950,0,0,True,True
1790147967,2026-09-23T07:19:27+00:00,2000,1995,1963,0,0,True,True
1790147968,2026-09-23T07:19:28+00:00,2000,2012,1977,0,0,True,True
1790147969,2026-09-23T07:19:29+00:00,2000,1998,1962,0,0,True,True
1790147970,2026-09-23T07:19:30+00:00,2000,2001,1972,0,0,True,True
1790147971,2026-09-23T07:19:31+00:00,2000,2001,1975,0,0,True,True
1790147972,2026-09-23T07:19:32+00:00,2000,2003,1962,0,0,True,True
1790147973,2026-09-23T07:19:33+00:00,2000,2001,1962,0,0,True,True
1790147974,2026-09-23T07:19:34+00:00,2000,1990,1951,0,0,True,True
1790147975,2026-09-23T07:19:35+00:00,2000,2000,1968,0,0,True,True
1790147976,2026-09-23T07:19:36+00:00,1999,2005,1973,0,0,True,True
1790147977,2026-09-23T07:19:37+00:00,2001,2000,1958,0,0,True,True
1790147978,2026-09-23T07:19:38+00:00,2000,1999,1969,0,0,True,True
1790147979,2026-09-23T07:19:39+00:00,2000,1996,1967,0,0,True,True
1790147980,2026-09-23T07:19:40+00:00,2000,2006,1976,0,0,True,True
1790147981,2026-09-23T07:19:41+00:00,1999,2001,1967,0,0,True,True
1790147982,2026-09-23T07:19:42+00:00,2000,1995,1965,0,0,True,True
1790147983,2026-09-23T07:19:43+00:00,2001,2004,1965,0,0,True,True
1790147984,2026-09-23T07:19:44+00:00,2000,2001,1972,0,0,True,True
1790147985,2026-09-23T07:19:45+00:00,2000,1998,1962,0,0,True,True
1790147986,2026-09-23T07:19:46+00:00,2000,2001,1958,0,0,True,True
1790147987,2026-09-23T07:19:47+00:00,2000,2001,1965,0,0,True,True
1790147988,2026-09-23T07:19:48+00:00,2000,1976,1944,0,0,True,True
1790147989,2026-09-23T07:19:49+00:00,2000,2021,1992,0,0,True,True
1790147990,2026-09-23T07:19:50+00:00,1999,1998,1967,0,0,True,True
1790147991,2026-09-23T07:19:51+00:00,2001,2005,1969,0,0,True,True
1790147992,2026-09-23T07:19:52+00:00,2000,2005,1981,0,0,True,True
1790147993,2026-09-23T07:19:53+00:00,2000,1990,1964,0,0,True,True
1790147994,2026-09-23T07:19:54+00:00,1999,2005,1965,0,0,True,True
1790147995,2026-09-23T07:19:55+00:00,2001,1994,1958,0,0,True,True
1790147996,2026-09-23T07:19:56+00:00,2000,1998,1964,0,0,True,True
1790147997,2026-09-23T07:19:57+00:00,2000,2009,1977,0,0,True,True
1790147998,2026-09-23T07:19:58+00:00,2000,1993,1956,0,0,True,True
1790147999,2026-09-23T07:19:59+00:00,2000,1975,1934,0,0,True,True
1790148000,2026-09-23T07:20:00+00:00,1998,2022,1973,0,0,True,True
1790148001,2026-09-23T07:20:01+00:00,2002,2004,1971,0,0,True,True
1790148002,2026-09-23T07:20:02+00:00,2000,2002,1972,0,0,True,True
1790148003,2026-09-23T07:20:03+00:00,2000,1999,1959,0,0,True,True
1790148004,2026-09-23T07:20:04+00:00,2000,2003,1963,0,0,True,True
1790148005,2026-09-23T07:20:05+00:00,2000,2002,1966,0,0,True,True
1790148006,2026-09-23T07:20:06+00:00,2000,1994,1961,0,0,True,True
1790148007,2026-09-23T07:20:07+00:00,1999,2003,1968,0,0,True,True
1790148008,2026-09-23T07:20:08+00:00,2001,1998,1966,0,0,True,True
1790148009,2026-09-23T07:20:09+00:00,2000,2006,1966,0,0,True,True
1790148010,2026-09-23T07:20:10+00:00,2000,1991,1954,0,0,True,True
1790148011,2026-09-23T07:20:11+00:00,2000,2008,1956,0,0,True,True
1790148012,2026-09-23T07:20:12+00:00,1999,1989,1946,0,0,True,True
1790148013,2026-09-23T07:20:13+00:00,2001,2004,1964,0,0,True,True
1790148014,2026-09-23T07:20:14+00:00,2000,1991,1952,0,0,True,True
1790148015,2026-09-23T07:20:15+00:00,2000,2012,1984,0,0,True,True
1790148016,2026-09-23T07:20:16+00:00,1999,2001,1961,0,0,True,True
1790148017,2026-09-23T07:20:17+00:00,2000,1978,1938,0,0,True,True
1790148018,2026-09-23T07:20:18+00:00,2001,2018,1973,0,0,True,True
1790148019,2026-09-23T07:20:19+00:00,2000,1999,1961,0,0,True,True
1790148020,2026-09-23T07:20:20+00:00,1999,2006,1971,0,0,True,True
1790148021,2026-09-23T07:20:21+00:00,2001,1996,1958,0,0,True,True
1790148022,2026-09-23T07:20:22+00:00,1999,2003,1965,0,0,True,True
1790148023,2026-09-23T07:20:23+00:00,2001,1997,1959,0,0,True,True
1790148024,2026-09-23T07:20:24+00:00,2000,1994,1955,0,0,False,True
1790148025,2026-09-23T07:20:25+00:00,2000,1980,1938,0,0,False,True
1790148026,2026-09-23T07:20:26+00:00,2000,2034,1995,0,0,False,True
1790148027,2026-09-23T07:20:27+00:00,2000,1990,1949,0,0,False,True
1790148028,2026-09-23T07:20:28+00:00,2000,2006,1973,0,0,False,True
1790148029,2026-09-23T07:20:29+00:00,1999,1992,1951,0,0,False,True
1790148030,2026-09-23T07:20:30+00:00,2001,2004,1973,0,0,False,True
1790148031,2026-09-23T07:20:31+00:00,1999,2002,1958,0,0,False,True
1790148032,2026-09-23T07:20:32+00:00,2001,2004,1972,0,0,False,True
1790148033,2026-09-23T07:20:33+00:00,2000,1999,1956,0,0,False,True
1790148034,2026-09-23T07:20:34+00:00,2000,2002,1957,0,0,False,True
1790148035,2026-09-23T07:20:35+00:00,1998,2000,1959,0,0,False,True
1790148036,2026-09-23T07:20:36+00:00,2002,1997,1965,0,0,False,True
1790148037,2026-09-23T07:20:37+00:00,2000,2003,1962,0,0,False,True
1790148038,2026-09-23T07:20:38+00:00,2000,2000,1944,0,0,False,True
1790148039,2026-09-23T07:20:39+00:00,2000,2000,1957,0,0,False,True
1790148040,2026-09-23T07:20:40+00:00,2000,1994,1955,0,0,False,True
1790148041,2026-09-23T07:20:41+00:00,2000,2000,1956,0,0,False,True
1790148042,2026-09-23T07:20:42+00:00,2000,2005,1952,0,0,False,True
1790148043,2026-09-23T07:20:43+00:00,2000,1997,1959,0,0,False,True
1790148044,2026-09-23T07:20:44+00:00,2000,1999,1953,0,0,False,True
1790148045,2026-09-23T07:20:45+00:00,1999,2006,1951,0,0,False,True
1790148046,2026-09-23T07:20:46+00:00,2000,1991,1948,0,0,False,True
1790148047,2026-09-23T07:20:47+00:00,2001,2003,1955,0,0,False,True
1790148048,2026-09-23T07:20:48+00:00,2000,1992,1954,0,0,False,True
1790148049,2026-09-23T07:20:49+00:00,2000,2011,1979,0,0,False,True
1790148050,2026-09-23T07:20:50+00:00,2000,2001,1966,0,0,False,True
1790148051,2026-09-23T07:20:51+00:00,2000,1999,1948,0,0,False,True
1790148052,2026-09-23T07:20:52+00:00,2000,1941,1896,0,0,False,True
1790148053,2026-09-23T07:20:53+00:00,2000,2058,2007,0,0,False,True
1790148054,2026-09-23T07:20:54+00:00,2000,2003,1964,0,0,False,True
1790148055,2026-09-23T07:20:55+00:00,2000,1997,1952,0,0,False,True
1790148056,2026-09-23T07:20:56+00:00,2000,2003,1959,0,0,False,True
1790148057,2026-09-23T07:20:57+00:00,2000,2002,1952,0,0,False,True
1790148058,2026-09-23T07:20:58+00:00,1999,1998,1945,0,0,False,True
1790148059,2026-09-23T07:20:59+00:00,2000,1997,1951,0,0,False,True
1790148060,2026-09-23T07:21:00+00:00,2001,1998,1962,0,0,False,True
1790148061,2026-09-23T07:21:01+00:00,2000,2000,1957,0,0,False,True
1790148062,2026-09-23T07:21:02+00:00,2000,2001,1950,0,0,False,True
1790148063,2026-09-23T07:21:03+00:00,2000,2000,1959,0,0,False,True
1790148064,2026-09-23T07:21:04+00:00,2000,1996,1948,0,0,False,True
1790148065,2026-09-23T07:21:05+00:00,2000,2004,1959,0,0,False,True
1790148066,2026-09-23T07:21:06+00:00,2000,2004,1965,0,0,False,True
1790148067,2026-09-23T07:21:07+00:00,2000,1986,1934,0,0,False,True
1790148068,2026-09-23T07:21:08+00:00,2000,2013,1965,0,0,False,True
1790148069,2026-09-23T07:21:09+00:00,2000,1982,1930,0,0,False,True
1790148070,2026-09-23T07:21:10+00:00,2000,2016,1971,0,0,False,True
1790148071,2026-09-23T07:21:11+00:00,2000,2000,1944,0,0,False,True
1790148072,2026-09-23T07:21:12+00:00,2000,2005,1953,0,0,False,True
1790148073,2026-09-23T07:21:13+00:00,1999,1991,1935,0,0,False,True
1790148074,2026-09-23T07:21:14+00:00,2000,2000,1936,0,0,False,True
1790148075,2026-09-23T07:21:15+00:00,2001,2001,1958,0,0,False,True
1790148076,2026-09-23T07:21:16+00:00,2000,1998,1958,0,0,False,True
1790148077,2026-09-23T07:21:17+00:00,2000,2005,1966,0,0,False,True
1790148078,2026-09-23T07:21:18+00:00,2000,1999,1949,0,0,False,True
1790148079,2026-09-23T07:21:19+00:00,2000,1993,1938,0,0,False,True
1790148080,2026-09-23T07:21:20+00:00,2000,2005,1941,0,0,False,True
1790148081,2026-09-23T07:21:21+00:00,2000,1981,1914,0,0,False,True
1790148082,2026-09-23T07:21:22+00:00,2000,2023,1967,0,0,False,True
1790148083,2026-09-23T07:21:23+00:00,2000,1951,1898,0,0,False,True
1790148084,2026-09-23T07:21:24+00:00,2000,2045,2003,0,0,False,True
1790148085,2026-09-23T07:21:25+00:00,2000,1966,1918,0,0,False,True
1790148086,2026-09-23T07:21:26+00:00,2000,2039,1988,0,0,False,True
1790148087,2026-09-23T07:21:27+00:00,1999,2000,1950,0,0,False,True
1790148088,2026-09-23T07:21:28+00:00,2000,1712,1656,0,0,False,True
1790148089,2026-09-23T07:21:29+00:00,2001,2289,2243,0,0,False,True
1790148090,2026-09-23T07:21:30+00:00,2000,1990,1928,0,0,False,True
1790148091,2026-09-23T07:21:31+00:00,2000,2008,1957,0,0,False,True
1790148092,2026-09-23T07:21:32+00:00,1999,1995,1935,0,0,False,True
1790148093,2026-09-23T07:21:33+00:00,2001,1998,1943,0,0,False,True
1790148094,2026-09-23T07:21:34+00:00,2000,2012,1963,0,0,False,True
1790148095,2026-09-23T07:21:35+00:00,2000,1995,1937,0,0,False,True
1790148096,2026-09-23T07:21:36+00:00,2000,1998,1947,0,0,False,True
1790148097,2026-09-23T07:21:37+00:00,2000,1997,1943,0,0,False,True
1790148098,2026-09-23T07:21:38+00:00,2000,2001,1945,0,0,False,True
1790148099,2026-09-23T07:21:39+00:00,2000,1991,1951,0,0,False,True
1790148100,2026-09-23T07:21:40+00:00,1999,2015,1970,0,0,False,True
1790148101,2026-09-23T07:21:41+00:00,2001,1990,1947,0,0,False,True
1790148102,2026-09-23T07:21:42+00:00,2000,2010,1949,0,0,False,True
1790148103,2026-09-23T07:21:43+00:00,1999,1997,1948,0,0,False,True
1790148104,2026-09-23T07:21:44+00:00,2001,2003,1945,0,0,False,True
1790148105,2026-09-23T07:21:45+00:00,2000,1997,1933,0,0,False,True
1790148106,2026-09-23T07:21:46+00:00,2000,2005,1945,0,0,False,True
1790148107,2026-09-23T07:21:47+00:00,2000,1992,1932,0,0,False,True
1790148108,2026-09-23T07:21:48+00:00,2000,2001,1924,0,0,False,True
1790148109,2026-09-23T07:21:49+00:00,2000,1999,1953,0,0,False,True
1790148110,2026-09-23T07:21:50+00:00,2000,2000,1954,0,0,False,True
1790148111,2026-09-23T07:21:51+00:00,1999,2003,1937,0,0,False,True
1790148112,2026-09-23T07:21:52+00:00,2001,2001,1931,0,0,False,True
1790148113,2026-09-23T07:21:53+00:00,2000,1990,1919,0,0,False,True
1790148114,2026-09-23T07:21:54+00:00,2000,1971,1946,0,0,False,True
1790148115,2026-09-23T07:21:55+00:00,2000,2038,2029,0,0,False,True
1790148116,2026-09-23T07:21:56+00:00,1999,2000,1988,0,0,False,True
1790148117,2026-09-23T07:21:57+00:00,2001,1999,1994,0,0,False,True
1790148118,2026-09-23T07:21:58+00:00,2000,2004,1993,0,0,False,True
1790148119,2026-09-23T07:21:59+00:00,2000,1954,1941,0,0,False,True
1790148120,2026-09-23T07:22:00+00:00,2000,2040,2033,0,0,False,True
1790148121,2026-09-23T07:22:01+00:00,2000,2000,1986,0,0,False,True
1790148122,2026-09-23T07:22:02+00:00,2000,2000,1992,0,0,False,True
1790148123,2026-09-23T07:22:03+00:00,2000,2005,1992,0,0,False,True
1790148124,2026-09-23T07:22:04+00:00,2000,1999,1986,0,0,False,True
1790148125,2026-09-23T07:22:05+00:00,2000,1996,1986,0,0,False,True
1790148126,2026-09-23T07:22:06+00:00,2000,1999,1981,0,0,False,True
1790148127,2026-09-23T07:22:07+00:00,2000,1997,1987,0,0,False,True
1790148128,2026-09-23T07:22:08+00:00,2000,2001,1987,0,0,False,True
1790148129,2026-09-23T07:22:09+00:00,2000,1987,1969,0,0,False,True
1790148130,2026-09-23T07:22:10+00:00,1999,2020,2007,0,0,False,True
1790148131,2026-09-23T07:22:11+00:00,2001,1997,1982,0,0,False,True
1790148132,2026-09-23T07:22:12+00:00,2000,1993,1980,0,0,False,True
1790148133,2026-09-23T07:22:13+00:00,2000,2012,1998,0,0,False,True
1790148134,2026-09-23T07:22:14+00:00,1999,1995,1983,0,0,False,True
1790148135,2026-09-23T07:22:15+00:00,2001,1987,1971,0,0,False,True
1790148136,2026-09-23T07:22:16+00:00,2000,2010,1992,0,0,False,True
1790148137,2026-09-23T07:22:17+00:00,2000,2001,1976,0,0,False,True
1790148138,2026-09-23T07:22:18+00:00,2000,1999,1980,0,0,False,True
1790148139,2026-09-23T07:22:19+00:00,2000,2003,1979,0,0,False,True
1790148140,2026-09-23T07:22:20+00:00,2000,1999,1976,0,0,False,True
1790148141,2026-09-23T07:22:21+00:00,2000,2004,1991,0,0,False,True
1790148142,2026-09-23T07:22:22+00:00,1999,2000,1985,0,0,False,True
1790148143,2026-09-23T07:22:23+00:00,2001,1998,1986,0,0,False,True
1790148144,2026-09-23T07:22:24+00:00,2000,1997,1972,0,0,False,True
1790148145,2026-09-23T07:22:25+00:00,2000,2005,1987,0,0,False,True
1790148146,2026-09-23T07:22:26+00:00,2000,1964,1940,0,0,False,True
1790148147,2026-09-23T07:22:27+00:00,1999,2036,2012,0,0,False,True
1790148148,2026-09-23T07:22:28+00:00,2000,1999,1977,0,0,False,True
1790148149,2026-09-23T07:22:29+00:00,2000,1999,1979,0,0,False,True
1790148150,2026-09-23T07:22:30+00:00,2000,2004,1981,0,0,False,True
1790148151,2026-09-23T07:22:31+00:00,2000,1892,1872,0,0,False,True
1790148152,2026-09-23T07:22:32+00:00,2001,2098,2076,0,0,False,True
1790148153,2026-09-23T07:22:33+00:00,2000,2006,1979,0,0,False,True
1790148154,2026-09-23T07:22:34+00:00,2000,1998,1972,0,0,False,True
1790148155,2026-09-23T07:22:35+00:00,1999,1996,1976,0,0,False,True
1790148156,2026-09-23T07:22:36+00:00,2000,2006,1981,0,0,False,True
1790148157,2026-09-23T07:22:37+00:00,2001,1994,1974,0,0,False,True
1790148158,2026-09-23T07:22:38+00:00,2000,2009,1982,0,0,False,True
1790148159,2026-09-23T07:22:39+00:00,2000,1992,1972,0,0,False,True
1790148160,2026-09-23T07:22:40+00:00,1999,2005,1983,0,0,False,True
1790148161,2026-09-23T07:22:41+00:00,2001,2004,1975,0,0,False,True
1790148162,2026-09-23T07:22:42+00:00,2000,1985,1962,0,0,False,True
1790148163,2026-09-23T07:22:43+00:00,2000,2007,1980,0,0,False,True
1790148164,2026-09-23T07:22:44+00:00,2000,2008,1987,0,0,False,True
1790148165,2026-09-23T07:22:45+00:00,2000,1998,1963,0,0,False,True
1790148166,2026-09-23T07:22:46+00:00,1999,1995,1965,0,0,False,True
1790148167,2026-09-23T07:22:47+00:00,2001,1998,1968,0,0,False,True
1790148168,2026-09-23T07:22:48+00:00,2000,2007,1989,0,0,False,True
1790148169,2026-09-23T07:22:49+00:00,2000,1980,1951,0,0,False,True
1790148170,2026-09-23T07:22:50+00:00,2000,2020,1998,0,0,False,True
1790148171,2026-09-23T07:22:51+00:00,2000,1991,1966,0,0,False,True
1790148172,2026-09-23T07:22:52+00:00,2000,2009,1989,0,0,False,True
1790148173,2026-09-23T07:22:53+00:00,2000,2000,1978,0,0,False,True
1790148174,2026-09-23T07:22:54+00:00,2000,1992,1967,0,0,False,True
1790148175,2026-09-23T07:22:55+00:00,2000,2004,1988,0,0,True,True
1790148176,2026-09-23T07:22:56+00:00,1999,1988,1972,0,0,True,True
1790148177,2026-09-23T07:22:57+00:00,2000,2009,1990,0,0,True,True
1790148178,2026-09-23T07:22:58+00:00,2001,2002,1982,0,0,True,True
1790148179,2026-09-23T07:22:59+00:00,2000,2003,1983,0,0,True,True
1790148180,2026-09-23T07:23:00+00:00,2000,1969,1941,0,0,True,True
1790148181,2026-09-23T07:23:01+00:00,2000,1985,1963,0,0,True,True
1790148182,2026-09-23T07:23:02+00:00,1999,2044,2019,0,0,True,True
1790148183,2026-09-23T07:23:03+00:00,2000,2001,1975,0,0,True,True
1790148184,2026-09-23T07:23:04+00:00,2001,1983,1952,0,0,True,True
1790148185,2026-09-23T07:23:05+00:00,2000,2022,1999,0,0,True,True
1790148186,2026-09-23T07:23:06+00:00,2000,1992,1960,0,0,True,True
1790148187,2026-09-23T07:23:07+00:00,2000,2005,1973,0,0,True,True
1790148188,2026-09-23T07:23:08+00:00,1999,2004,1981,0,0,True,True
1790148189,2026-09-23T07:23:09+00:00,2001,1991,1957,0,0,True,True
1790148190,2026-09-23T07:23:10+00:00,2000,2000,1972,0,0,True,True
1790148191,2026-09-23T07:23:11+00:00,2000,2004,1970,0,0,True,True
1790148192,2026-09-23T07:23:12+00:00,2000,2001,1972,0,0,True,True
1790148193,2026-09-23T07:23:13+00:00,1997,1996,1958,0,0,True,True
1790148194,2026-09-23T07:23:14+00:00,2003,2007,1982,0,0,True,True
1790148195,2026-09-23T07:23:15+00:00,2000,1998,1964,0,0,True,True
1790148196,2026-09-23T07:23:16+00:00,2000,1999,1966,0,0,True,True
1790148197,2026-09-23T07:23:17+00:00,2000,1993,1967,0,0,True,True
1790148198,2026-09-23T07:23:18+00:00,2000,2007,1969,0,0,True,True
1790148199,2026-09-23T07:23:19+00:00,1999,2001,1963,0,0,True,True
1790148200,2026-09-23T07:23:20+00:00,2000,1979,1946,0,0,True,True
1790148201,2026-09-23T07:23:21+00:00,1999,2019,1991,0,0,True,True
1790148202,2026-09-23T07:23:22+00:00,2002,1993,1956,0,0,True,True
1790148203,2026-09-23T07:23:23+00:00,2000,2009,1977,0,0,True,True
1790148204,2026-09-23T07:23:24+00:00,2000,1985,1953,0,0,True,True
1790148205,2026-09-23T07:23:25+00:00,2000,2015,1986,0,0,True,True
1790148206,2026-09-23T07:23:26+00:00,2000,1993,1960,0,0,True,True
1790148207,2026-09-23T07:23:27+00:00,2000,2004,1969,0,0,True,True
1790148208,2026-09-23T07:23:28+00:00,2000,1997,1961,0,0,True,True
1790148209,2026-09-23T07:23:29+00:00,1999,2002,1965,0,0,True,True
1790148210,2026-09-23T07:23:30+00:00,2001,2004,1969,0,0,True,True
1790148211,2026-09-23T07:23:31+00:00,2000,1994,1964,0,0,True,True
1790148212,2026-09-23T07:23:32+00:00,2000,2008,1962,0,0,True,True
1790148213,2026-09-23T07:23:33+00:00,2000,1986,1951,0,0,True,True
1790148214,2026-09-23T07:23:34+00:00,2000,2003,1977,0,0,True,True
1790148215,2026-09-23T07:23:35+00:00,1999,2008,1967,0,0,True,True
1790148216,2026-09-23T07:23:36+00:00,2001,2002,1956,0,0,True,True
1790148217,2026-09-23T07:23:37+00:00,1999,1991,1949,0,0,True,True
1790148218,2026-09-23T07:23:38+00:00,2001,2007,1962,0,0,True,True
1790148219,2026-09-23T07:23:39+00:00,2000,1994,1959,0,0,True,True
1790148220,2026-09-23T07:23:40+00:00,2000,2005,1967,0,0,True,True
1790148221,2026-09-23T07:23:41+00:00,2000,1993,1963,0,0,True,True
1790148222,2026-09-23T07:23:42+00:00,1999,2011,1969,0,0,True,True
1790148223,2026-09-23T07:23:43+00:00,2001,1985,1941,0,0,True,True
1790148224,2026-09-23T07:23:44+00:00,2000,2002,1967,0,0,True,True
1790148225,2026-09-23T07:23:45+00:00,2000,2007,1949,0,0,True,True
1790148226,2026-09-23T07:23:46+00:00,2000,2009,1960,0,0,True,True
1790148227,2026-09-23T07:23:47+00:00,2000,1989,1961,0,0,True,True
1790148228,2026-09-23T07:23:48+00:00,2000,2002,1962,0,0,True,True
1790148229,2026-09-23T07:23:49+00:00,2000,2001,1953,0,0,True,True
1790148230,2026-09-23T07:23:50+00:00,1999,1984,1939,0,0,True,True
1790148231,2026-09-23T07:23:51+00:00,2001,2018,1981,0,0,True,True
1790148232,2026-09-23T07:23:52+00:00,2000,1995,1952,0,0,True,True
1790148233,2026-09-23T07:23:53+00:00,2000,2001,1957,0,0,True,True
1790148234,2026-09-23T07:23:54+00:00,2000,2002,1965,0,0,True,True
1790148235,2026-09-23T07:23:55+00:00,2000,2000,1952,0,0,True,True
1790148236,2026-09-23T07:23:56+00:00,2000,1999,1959,0,0,True,True
1790148237,2026-09-23T07:23:57+00:00,1999,2008,1957,0,0,True,True
1790148238,2026-09-23T07:23:58+00:00,1992,1987,1946,0,0,True,True
1790148239,2026-09-23T07:23:59+00:00,2009,2001,1955,0,0,True,True
1790148240,2026-09-23T07:24:00+00:00,2000,2005,1958,0,0,True,True
1790148241,2026-09-23T07:24:01+00:00,2000,2001,1962,0,0,True,True
1790148242,2026-09-23T07:24:02+00:00,2000,2002,1968,0,0,True,True
1790148243,2026-09-23T07:24:03+00:00,2000,1999,1953,0,0,True,True
1790148244,2026-09-23T07:24:04+00:00,2000,1949,1908,0,0,True,True
1790148245,2026-09-23T07:24:05+00:00,1999,2054,2014,0,0,True,True
1790148246,2026-09-23T07:24:06+00:00,2000,1991,1939,0,0,True,True
1790148247,2026-09-23T07:24:07+00:00,2001,1982,1947,0,0,True,True
1790148248,2026-09-23T07:24:08+00:00,2000,2027,1986,0,0,True,True
1790148249,2026-09-23T07:24:09+00:00,1999,1931,1885,0,0,True,True
1790148250,2026-09-23T07:24:10+00:00,2001,2070,2012,0,0,True,True
1790148251,2026-09-23T07:24:11+00:00,2000,1995,1949,0,0,True,True
1790148252,2026-09-23T07:24:12+00:00,2000,2003,1958,0,0,True,True
1790148253,2026-09-23T07:24:13+00:00,1999,2000,1957,0,0,True,True
1790148254,2026-09-23T07:24:14+00:00,2001,1996,1945,0,0,True,True
1790148255,2026-09-23T07:24:15+00:00,2000,2002,1946,0,0,True,True
1790148256,2026-09-23T07:24:16+00:00,2000,2001,1954,0,0,True,True
1790148257,2026-09-23T07:24:17+00:00,1998,1997,1957,0,0,True,True
1790148258,2026-09-23T07:24:18+00:00,2002,1983,1935,0,0,True,True
1790148259,2026-09-23T07:24:19+00:00,2000,1815,1770,0,0,True,True
1790148260,2026-09-23T07:24:20+00:00,1998,2205,2152,0,0,True,True
1790148261,2026-09-23T07:24:21+00:00,2002,2002,1961,0,0,True,True
1790148262,2026-09-23T07:24:22+00:00,2000,1994,1957,0,0,True,True
1790148263,2026-09-23T07:24:23+00:00,2000,2000,1949,0,0,True,True
1790148264,2026-09-23T07:24:24+00:00,2000,2007,1966,0,0,True,True
1790148265,2026-09-23T07:24:25+00:00,2000,1997,1949,0,0,True,True
1790148266,2026-09-23T07:24:26+00:00,2000,2002,1949,0,0,True,True
1790148267,2026-09-23T07:24:27+00:00,2000,1994,1949,0,0,True,True
1790148268,2026-09-23T07:24:28+00:00,2000,2006,1947,0,0,True,True
1790148269,2026-09-23T07:24:29+00:00,2000,1998,1940,0,0,True,True
1790148270,2026-09-23T07:24:30+00:00,2000,1741,1674,0,0,True,True
1790148271,2026-09-23T07:24:31+00:00,2000,2259,2201,0,0,True,True
1790148272,2026-09-23T07:24:32+00:00,1999,2000,1949,0,0,True,True
1790148273,2026-09-23T07:24:33+00:00,2000,2001,1948,0,0,True,True
1790148274,2026-09-23T07:24:34+00:00,2001,1977,1915,0,0,True,True
1790148275,2026-09-23T07:24:35+00:00,2000,2022,1976,0,0,True,True
1790148276,2026-09-23T07:24:36+00:00,2000,2001,1946,0,0,True,True
1790148277,2026-09-23T07:24:37+00:00,2000,1997,1945,0,0,True,True
1790148278,2026-09-23T07:24:38+00:00,2000,1993,1953,0,0,True,True
1790148279,2026-09-23T07:24:39+00:00,2000,2008,1949,0,0,True,True
1790148280,2026-09-23T07:24:40+00:00,2000,2002,1954,0,0,True,True
1790148281,2026-09-23T07:24:41+00:00,2000,1995,1944,0,0,True,True
1790148282,2026-09-23T07:24:42+00:00,2000,2008,1953,0,0,True,True
1790148283,2026-09-23T07:24:43+00:00,1999,1994,1948,0,0,True,True
1790148284,2026-09-23T07:24:44+00:00,2001,1996,1945,0,0,True,True
1790148285,2026-09-23T07:24:45+00:00,2000,2002,1947,0,0,True,True
1790148286,2026-09-23T07:24:46+00:00,2000,2006,1955,0,0,True,True
1790148287,2026-09-23T07:24:47+00:00,2000,2002,1943,0,0,True,True
1790148288,2026-09-23T07:24:48+00:00,2000,1998,1944,0,0,True,True
1790148289,2026-09-23T07:24:49+00:00,2000,1995,1921,0,0,True,True
1790148290,2026-09-23T07:24:50+00:00,1999,2003,1956,0,0,True,True
1790148291,2026-09-23T07:24:51+00:00,2000,2003,1953,0,0,True,True
1790148292,2026-09-23T07:24:52+00:00,2000,1990,1934,0,0,True,True
1790148293,2026-09-23T07:24:53+00:00,2001,2012,1960,0,0,True,True
1790148294,2026-09-23T07:24:54+00:00,2000,1992,1940,0,0,True,True
1790148295,2026-09-23T07:24:55+00:00,2000,2003,1953,0,0,True,True
1790148296,2026-09-23T07:24:56+00:00,2000,1995,1944,0,0,True,True
1790148297,2026-09-23T07:24:57+00:00,2000,2000,1928,0,0,True,True
1790148298,2026-09-23T07:24:58+00:00,2000,1998,1931,0,0,True,True
1790148299,2026-09-23T07:24:59+00:00,2000,2007,1936,0,0,True,True
1790148300,2026-09-23T07:25:00+00:00,2000,2002,1948,0,0,True,True
1790148301,2026-09-23T07:25:01+00:00,2000,1995,1923,0,0,True,True
1790148302,2026-09-23T07:25:02+00:00,2000,2005,1932,0,0,True,True
1790148303,2026-09-23T07:25:03+00:00,1998,1996,1947,0,0,True,True
1790148304,2026-09-23T07:25:04+00:00,2002,2003,1944,0,0,True,True
1790148305,2026-09-23T07:25:05+00:00,2000,1998,1934,0,0,True,True
1790148306,2026-09-23T07:25:06+00:00,2000,2000,1945,0,0,True,True
1790148307,2026-09-23T07:25:07+00:00,1999,2003,1926,0,0,True,True
1790148308,2026-09-23T07:25:08+00:00,2001,1996,1951,0,0,True,True
1790148309,2026-09-23T07:25:09+00:00,2000,2003,1948,0,0,True,True
1790148310,2026-09-23T07:25:10+00:00,2000,1992,1931,0,0,True,True
1790148311,2026-09-23T07:25:11+00:00,1999,2003,1932,0,0,True,True
1790148312,2026-09-23T07:25:12+00:00,2001,2004,1919,0,0,True,True
1790148313,2026-09-23T07:25:13+00:00,2000,2000,1931,0,0,True,True
1790148314,2026-09-23T07:25:14+00:00,2000,2001,1926,0,0,True,True
1790148315,2026-09-23T07:25:15+00:00,1999,2003,1922,0,0,True,True
1790148316,2026-09-23T07:25:16+00:00,2001,1997,1923,0,0,True,True
1790148317,2026-09-23T07:25:17+00:00,1999,1997,1936,0,0,True,True
1790148318,2026-09-23T07:25:18+00:00,2001,2003,1952,0,0,True,True
1790148319,2026-09-23T07:25:19+00:00,2000,1994,1933,0,0,True,True
1790148320,2026-09-23T07:25:20+00:00,2000,2002,1938,0,0,True,True
1790148321,2026-09-23T07:25:21+00:00,2000,2001,1929,0,0,True,True
1790148322,2026-09-23T07:25:22+00:00,2000,2001,1928,0,0,True,True
1790148323,2026-09-23T07:25:23+00:00,2000,2002,1940,0,0,True,True
1790148324,2026-09-23T07:25:24+00:00,2000,1999,1932,0,0,False,True
1790148325,2026-09-23T07:25:25+00:00,1999,2000,1938,0,0,False,True
1790148326,2026-09-23T07:25:26+00:00,2001,1974,1914,0,0,False,True
1790148327,2026-09-23T07:25:27+00:00,2000,2026,1955,0,0,False,True
1790148328,2026-09-23T07:25:28+00:00,2000,1999,1929,0,0,False,True
1790148329,2026-09-23T07:25:29+00:00,1999,2005,1947,0,0,False,True
1790148330,2026-09-23T07:25:30+00:00,2001,2001,1942,0,0,False,True
1790148331,2026-09-23T07:25:31+00:00,1999,1991,1924,0,0,False,True
1790148332,2026-09-23T07:25:32+00:00,2001,1997,1923,0,0,False,True
1790148333,2026-09-23T07:25:33+00:00,2000,2006,1949,0,0,False,True
1790148334,2026-09-23T07:25:34+00:00,2000,1998,1928,0,0,False,True
1790148335,2026-09-23T07:25:35+00:00,1999,1992,1933,0,0,False,True
1790148336,2026-09-23T07:25:36+00:00,2001,2003,1932,0,0,False,True
1790148337,2026-09-23T07:25:37+00:00,2000,1994,1924,0,0,False,True
1790148338,2026-09-23T07:25:38+00:00,2000,2001,1937,0,0,False,True
1790148339,2026-09-23T07:25:39+00:00,2000,1938,1869,0,0,False,True
1790148340,2026-09-23T07:25:40+00:00,2000,2064,1999,0,0,False,True
1790148341,2026-09-23T07:25:41+00:00,2000,2008,1934,0,0,False,True
1790148342,2026-09-23T07:25:42+00:00,2000,1990,1919,0,0,False,True
1790148343,2026-09-23T07:25:43+00:00,2000,1972,1911,0,0,False,True
1790148344,2026-09-23T07:25:44+00:00,2000,2044,1966,0,0,False,True
1790148345,2026-09-23T07:25:45+00:00,2000,1989,1926,0,0,False,True
1790148346,2026-09-23T07:25:46+00:00,2000,1999,1936,0,0,False,True
1790148347,2026-09-23T07:25:47+00:00,2000,1998,1929,0,0,False,True
1790148348,2026-09-23T07:25:48+00:00,1999,2011,1952,0,0,False,True
1790148349,2026-09-23T07:25:49+00:00,2001,1989,1918,0,0,False,True
1790148350,2026-09-23T07:25:50+00:00,1999,1996,1920,0,0,False,True
1790148351,2026-09-23T07:25:51+00:00,2001,1991,1930,0,0,False,True
1790148352,2026-09-23T07:25:52+00:00,2000,2017,1944,0,0,False,True
1790148353,2026-09-23T07:25:53+00:00,2000,1997,1939,0,0,False,True
1790148354,2026-09-23T07:25:54+00:00,2000,1906,1867,0,0,False,True
1790148355,2026-09-23T07:25:55+00:00,1998,2097,2085,0,0,False,True
1790148356,2026-09-23T07:25:56+00:00,2002,2002,1991,0,0,False,True
1790148357,2026-09-23T07:25:57+00:00,2000,1999,1990,0,0,False,True
1790148358,2026-09-23T07:25:58+00:00,2000,2001,1990,0,0,False,True
1790148359,2026-09-23T07:25:59+00:00,2000,2001,1991,0,0,False,True
1790148360,2026-09-23T07:26:00+00:00,2000,1967,1957,0,0,False,True
1790148361,2026-09-23T07:26:01+00:00,2000,2028,2019,0,0,False,True
1790148362,2026-09-23T07:26:02+00:00,2000,1997,1987,0,0,False,True
1790148363,2026-09-23T07:26:03+00:00,2000,1996,1982,0,0,False,True
1790148364,2026-09-23T07:26:04+00:00,2000,2000,1986,0,0,False,True
1790148365,2026-09-23T07:26:05+00:00,2000,2020,2006,0,0,False,True
1790148366,2026-09-23T07:26:06+00:00,1999,1810,1801,0,0,False,True
1790148367,2026-09-23T07:26:07+00:00,2001,2180,2167,0,0,False,True
1790148368,2026-09-23T07:26:08+00:00,1999,1972,1961,0,0,False,True
1790148369,2026-09-23T07:26:09+00:00,2001,1962,1951,0,0,False,True
1790148370,2026-09-23T07:26:10+00:00,2000,2067,2059,0,0,False,True
1790148371,2026-09-23T07:26:11+00:00,2000,1967,1953,0,0,False,True
1790148372,2026-09-23T07:26:12+00:00,1999,2026,2010,0,0,False,True
1790148373,2026-09-23T07:26:13+00:00,2000,2000,1982,0,0,False,True
1790148374,2026-09-23T07:26:14+00:00,2001,1995,1984,0,0,False,True
1790148375,2026-09-23T07:26:15+00:00,2000,2011,1996,0,0,False,True
1790148376,2026-09-23T07:26:16+00:00,2000,2004,1985,0,0,False,True
1790148377,2026-09-23T07:26:17+00:00,1999,1992,1973,0,0,False,True
1790148378,2026-09-23T07:26:18+00:00,2001,2006,1995,0,0,False,True
1790148379,2026-09-23T07:26:19+00:00,2000,1998,1976,0,0,False,True
1790148380,2026-09-23T07:26:20+00:00,1999,1966,1950,0,0,False,True
1790148381,2026-09-23T07:26:21+00:00,2001,2033,2017,0,0,False,True
1790148382,2026-09-23T07:26:22+00:00,2000,1999,1976,0,0,False,True
1790148383,2026-09-23T07:26:23+00:00,1999,2003,1979,0,0,False,True
1790148384,2026-09-23T07:26:24+00:00,2000,1968,1952,0,0,False,True
1790148385,2026-09-23T07:26:25+00:00,2001,2032,2017,0,0,False,True
1790148386,2026-09-23T07:26:26+00:00,2000,1975,1953,0,0,False,True
1790148387,2026-09-23T07:26:27+00:00,2000,2016,1991,0,0,False,True
1790148388,2026-09-23T07:26:28+00:00,1999,1996,1976,0,0,False,True
1790148389,2026-09-23T07:26:29+00:00,2000,1994,1970,0,0,False,True
1790148390,2026-09-23T07:26:30+00:00,2001,2017,1995,0,0,False,True
1790148391,2026-09-23T07:26:31+00:00,1999,2003,1979,0,0,False,True
1790148392,2026-09-23T07:26:32+00:00,2001,1997,1971,0,0,False,True
1790148393,2026-09-23T07:26:33+00:00,2000,1985,1966,0,0,False,True
1790148394,2026-09-23T07:26:34+00:00,2000,2015,1998,0,0,False,True
1790148395,2026-09-23T07:26:35+00:00,2000,1999,1973,0,0,False,True
1790148396,2026-09-23T07:26:36+00:00,2000,1998,1977,0,0,False,True
1790148397,2026-09-23T07:26:37+00:00,2000,2006,1989,0,0,False,True
1790148398,2026-09-23T07:26:38+00:00,1999,1988,1966,0,0,False,True
1790148399,2026-09-23T07:26:39+00:00,2001,1997,1969,0,0,False,True
1790148400,2026-09-23T07:26:40+00:00,2000,2014,1993,0,0,False,True
1790148401,2026-09-23T07:26:41+00:00,2000,1962,1939,0,0,False,True
1790148402,2026-09-23T07:26:42+00:00,2000,1987,1960,0,0,False,True
1790148403,2026-09-23T07:26:43+00:00,2000,2042,2020,0,0,False,True
1790148404,2026-09-23T07:26:44+00:00,2000,2002,1973,0,0,False,True
1790148405,2026-09-23T07:26:45+00:00,1998,1980,1949,0,0,False,True
1790148406,2026-09-23T07:26:46+00:00,1997,2026,1992,0,0,False,True
1790148407,2026-09-23T07:26:47+00:00,2004,1955,1933,0,0,False,True
1790148408,2026-09-23T07:26:48+00:00,2000,2037,2010,0,0,False,True
1790148409,2026-09-23T07:26:49+00:00,2001,2013,1989,0,0,False,True
1790148410,2026-09-23T07:26:50+00:00,2000,1976,1940,0,0,False,True
1790148411,2026-09-23T07:26:51+00:00,1999,2018,1996,0,0,False,True
1790148412,2026-09-23T07:26:52+00:00,2001,1998,1975,0,0,False,True
1790148413,2026-09-23T07:26:53+00:00,2000,2003,1984,0,0,False,True
1790148414,2026-09-23T07:26:54+00:00,2000,2003,1982,0,0,False,True
1790148415,2026-09-23T07:26:55+00:00,2000,1992,1967,0,0,False,True
1790148416,2026-09-23T07:26:56+00:00,2000,2003,1973,0,0,False,True
1790148417,2026-09-23T07:26:57+00:00,2000,2001,1981,0,0,False,True
1790148418,2026-09-23T07:26:58+00:00,1999,2002,1973,0,0,False,True
1790148419,2026-09-23T07:26:59+00:00,2000,1985,1963,0,0,False,True
1790148420,2026-09-23T07:27:00+00:00,2001,2005,1971,0,0,False,True
1790148421,2026-09-23T07:27:01+00:00,2000,2005,1971,0,0,False,True
1790148422,2026-09-23T07:27:02+00:00,2000,1999,1973,0,0,False,True
1790148423,2026-09-23T07:27:03+00:00,2000,1968,1925,0,0,False,True
1790148424,2026-09-23T07:27:04+00:00,2000,2039,2018,0,0,False,True
1790148425,2026-09-23T07:27:05+00:00,1999,1992,1961,0,0,False,True
1790148426,2026-09-23T07:27:06+00:00,2001,2001,1973,0,0,False,True
1790148427,2026-09-23T07:27:07+00:00,2000,2001,1975,0,0,False,True
1790148428,2026-09-23T07:27:08+00:00,2000,1997,1975,0,0,False,True
1790148429,2026-09-23T07:27:09+00:00,2000,1994,1963,0,0,False,True
1790148430,2026-09-23T07:27:10+00:00,2000,2014,1990,0,0,False,True
1790148431,2026-09-23T07:27:11+00:00,2000,1995,1969,0,0,False,True
1790148432,2026-09-23T07:27:12+00:00,2000,1976,1945,0,0,False,True
1790148433,2026-09-23T07:27:13+00:00,2000,1991,1961,0,0,False,True
1790148434,2026-09-23T07:27:14+00:00,2000,2036,1998,0,0,False,True
1790148435,2026-09-23T07:27:15+00:00,2000,1998,1963,0,0,False,True
1790148436,2026-09-23T07:27:16+00:00,2000,2006,1980,0,0,False,True
1790148437,2026-09-23T07:27:17+00:00,2000,1960,1932,0,0,False,True
1790148438,2026-09-23T07:27:18+00:00,2000,2029,2000,0,0,False,True
1790148439,2026-09-23T07:27:19+00:00,1999,2011,1981,0,0,False,True
1790148440,2026-09-23T07:27:20+00:00,2001,1927,1889,0,0,False,True
1790148441,2026-09-23T07:27:21+00:00,1999,2057,2022,0,0,False,True
1790148442,2026-09-23T07:27:22+00:00,2001,2001,1975,0,0,False,True
1790148443,2026-09-23T07:27:23+00:00,2000,2019,1983,0,0,False,True
1790148444,2026-09-23T07:27:24+00:00,2000,1989,1955,0,0,False,True
1790148445,2026-09-23T07:27:25+00:00,2000,2001,1968,0,0,False,True
1790148446,2026-09-23T07:27:26+00:00,1999,1999,1969,0,0,False,True
1790148447,2026-09-23T07:27:27+00:00,2001,1995,1961,0,0,False,True
1790148448,2026-09-23T07:27:28+00:00,2000,2009,1981,0,0,False,True
1790148449,2026-09-23T07:27:29+00:00,2000,1974,1941,0,0,False,True
1790148450,2026-09-23T07:27:30+00:00,2000,2024,1988,0,0,False,True
1790148451,2026-09-23T07:27:31+00:00,2000,1994,1962,0,0,False,True
1790148452,2026-09-23T07:27:32+00:00,2000,2010,1979,0,0,False,True
1790148453,2026-09-23T07:27:33+00:00,2000,1993,1965,0,0,False,True
1790148454,2026-09-23T07:27:34+00:00,2000,1958,1934,0,0,False,True
1790148455,2026-09-23T07:27:35+00:00,2000,2048,2020,0,0,False,True
1790148456,2026-09-23T07:27:36+00:00,1999,2002,1973,0,0,False,True
1790148457,2026-09-23T07:27:37+00:00,2001,1992,1957,0,0,False,True
1790148458,2026-09-23T07:27:38+00:00,2000,2006,1972,0,0,False,True
1790148459,2026-09-23T07:27:39+00:00,2000,2006,1972,0,0,False,True
1790148460,2026-09-23T07:27:40+00:00,1999,1979,1937,0,0,False,True
1790148461,2026-09-23T07:27:41+00:00,2000,2012,1979,0,0,False,True
1790148462,2026-09-23T07:27:42+00:00,2001,1999,1960,0,0,False,True
1790148463,2026-09-23T07:27:43+00:00,1999,2006,1978,0,0,False,True
1790148464,2026-09-23T07:27:44+00:00,2001,1990,1952,0,0,False,True
1790148465,2026-09-23T07:27:45+00:00,2000,2010,1974,0,0,False,True
1790148466,2026-09-23T07:27:46+00:00,2000,2004,1969,0,0,False,True
1790148467,2026-09-23T07:27:47+00:00,2000,1997,1963,0,0,False,True
1790148468,2026-09-23T07:27:48+00:00,1999,1996,1958,0,0,False,True
1790148469,2026-09-23T07:27:49+00:00,2001,2000,1970,0,0,False,True
1790148470,2026-09-23T07:27:50+00:00,2000,2006,1975,0,0,False,True
1790148471,2026-09-23T07:27:51+00:00,1999,1996,1957,0,0,False,True
1790148472,2026-09-23T07:27:52+00:00,2001,2001,1964,0,0,False,True
1790148473,2026-09-23T07:27:53+00:00,2000,1992,1958,0,0,False,True
1790148474,2026-09-23T07:27:54+00:00,2000,2009,1974,0,0,False,True
1790148475,2026-09-23T07:27:55+00:00,1999,2000,1959,0,0,True,True
1790148476,2026-09-23T07:27:56+00:00,2001,2002,1964,0,0,True,True
1790148477,2026-09-23T07:27:57+00:00,2000,1923,1890,0,0,True,True
1790148478,2026-09-23T07:27:58+00:00,2000,2078,2032,0,0,True,True
1790148479,2026-09-23T07:27:59+00:00,1999,1998,1963,0,0,True,True
1790148480,2026-09-23T07:28:00+00:00,2001,1999,1963,0,0,True,True
1790148481,2026-09-23T07:28:01+00:00,2000,1984,1959,0,0,True,True
1790148482,2026-09-23T07:28:02+00:00,2000,2016,1981,0,0,True,True
1790148483,2026-09-23T07:28:03+00:00,2000,2005,1968,0,0,True,True
1790148484,2026-09-23T07:28:04+00:00,2000,1995,1955,0,0,True,True
1790148485,2026-09-23T07:28:05+00:00,2000,2003,1971,0,0,True,True
1790148486,2026-09-23T07:28:06+00:00,2000,1995,1956,0,0,True,True
1790148487,2026-09-23T07:28:07+00:00,1999,1998,1961,0,0,True,True
1790148488,2026-09-23T07:28:08+00:00,2001,2001,1964,0,0,True,True
1790148489,2026-09-23T07:28:09+00:00,1999,1851,1801,0,0,True,True
1790148490,2026-09-23T07:28:10+00:00,2000,2153,2104,0,0,True,True
1790148491,2026-09-23T07:28:11+00:00,2000,2003,1973,0,0,True,True
1790148492,2026-09-23T07:28:12+00:00,2001,1999,1967,0,0,True,True
1790148493,2026-09-23T07:28:13+00:00,2000,1979,1939,0,0,True,True
1790148494,2026-09-23T07:28:14+00:00,2000,2018,1983,0,0,True,True
1790148495,2026-09-23T07:28:15+00:00,2000,1996,1962,0,0,True,True
1790148496,2026-09-23T07:28:16+00:00,2000,2006,1961,0,0,True,True
1790148497,2026-09-23T07:28:17+00:00,2000,1994,1948,0,0,True,True
1790148498,2026-09-23T07:28:18+00:00,2000,2005,1963,0,0,True,True
1790148499,2026-09-23T07:28:19+00:00,2000,2005,1961,0,0,True,True
1790148500,2026-09-23T07:28:20+00:00,2000,1997,1955,0,0,True,True
1790148501,2026-09-23T07:28:21+00:00,2000,2000,1960,0,0,True,True
1790148502,2026-09-23T07:28:22+00:00,1999,1997,1945,0,0,True,True
1790148503,2026-09-23T07:28:23+00:00,2000,1991,1950,0,0,True,True
1790148504,2026-09-23T07:28:24+00:00,2001,2013,1976,0,0,True,True
1790148505,2026-09-23T07:28:25+00:00,2000,1994,1945,0,0,True,True
1790148506,2026-09-23T07:28:26+00:00,1999,2006,1963,0,0,True,True
1790148507,2026-09-23T07:28:27+00:00,2001,2003,1961,0,0,True,True
1790148508,2026-09-23T07:28:28+00:00,2000,1998,1952,0,0,True,True
1790148509,2026-09-23T07:28:29+00:00,2000,1994,1952,0,0,True,True
1790148510,2026-09-23T07:28:30+00:00,2000,1999,1948,0,0,True,True
1790148511,2026-09-23T07:28:31+00:00,1999,2000,1962,0,0,True,True
1790148512,2026-09-23T07:28:32+00:00,2001,2005,1955,0,0,True,True
1790148513,2026-09-23T07:28:33+00:00,1999,1999,1951,0,0,True,True
1790148514,2026-09-23T07:28:34+00:00,2001,2001,1954,0,0,True,True
1790148515,2026-09-23T07:28:35+00:00,1999,2001,1952,0,0,True,True
1790148516,2026-09-23T07:28:36+00:00,2001,2000,1961,0,0,True,True
1790148517,2026-09-23T07:28:37+00:00,2000,1997,1953,0,0,True,True
1790148518,2026-09-23T07:28:38+00:00,2000,2005,1956,0,0,True,True
1790148519,2026-09-23T07:28:39+00:00,2000,1993,1947,0,0,True,True
1790148520,2026-09-23T07:28:40+00:00,2000,2001,1966,0,0,True,True
1790148521,2026-09-23T07:28:41+00:00,1999,2004,1954,0,0,True,True
1790148522,2026-09-23T07:28:42+00:00,2001,1997,1960,0,0,True,True
1790148523,2026-09-23T07:28:43+00:00,2000,1999,1947,0,0,True,True
1790148524,2026-09-23T07:28:44+00:00,2000,2001,1956,0,0,True,True
1790148525,2026-09-23T07:28:45+00:00,2000,1999,1946,0,0,True,True
1790148526,2026-09-23T07:28:46+00:00,2000,1998,1946,0,0,True,True
1790148527,2026-09-23T07:28:47+00:00,1999,2001,1953,0,0,True,True
1790148528,2026-09-23T07:28:48+00:00,2001,1996,1940,0,0,True,True
1790148529,2026-09-23T07:28:49+00:00,1999,2001,1952,0,0,True,True
1790148530,2026-09-23T07:28:50+00:00,2000,2004,1954,0,0,True,True
1790148531,2026-09-23T07:28:51+00:00,2001,1999,1946,0,0,True,True
1790148532,2026-09-23T07:28:52+00:00,2000,2003,1954,0,0,True,True
1790148533,2026-09-23T07:28:53+00:00,2000,1996,1940,0,0,True,True
1790148534,2026-09-23T07:28:54+00:00,2000,1998,1945,0,0,True,True
1790148535,2026-09-23T07:28:55+00:00,2000,1991,1944,0,0,True,True
1790148536,2026-09-23T07:28:56+00:00,2000,1991,1936,0,0,True,True
1790148537,2026-09-23T07:28:57+00:00,2000,2018,1964,0,0,True,True
1790148538,2026-09-23T07:28:58+00:00,2000,1999,1950,0,0,True,True
1790148539,2026-09-23T07:28:59+00:00,2000,2008,1952,0,0,True,True
1790148540,2026-09-23T07:29:00+00:00,2000,1999,1949,0,0,True,True
1790148541,2026-09-23T07:29:01+00:00,2000,1997,1943,0,0,True,True
1790148542,2026-09-23T07:29:02+00:00,2000,1997,1944,0,0,True,True
1790148543,2026-09-23T07:29:03+00:00,2000,1993,1939,0,0,True,True
1790148544,2026-09-23T07:29:04+00:00,2000,1988,1932,0,0,True,True
1790148545,2026-09-23T07:29:05+00:00,2000,2024,1967,0,0,True,True
1790148546,2026-09-23T07:29:06+00:00,1999,1991,1934,0,0,True,True
1790148547,2026-09-23T07:29:07+00:00,2001,2006,1952,0,0,True,True
1790148548,2026-09-23T07:29:08+00:00,2000,1995,1935,0,0,True,True
1790148549,2026-09-23T07:29:09+00:00,2000,2010,1953,0,0,True,True
1790148550,2026-09-23T07:29:10+00:00,1999,1994,1937,0,0,True,True
1790148551,2026-09-23T07:29:11+00:00,2001,2004,1945,0,0,True,True
1790148552,2026-09-23T07:29:12+00:00,2000,1960,1892,0,0,True,True
1790148553,2026-09-23T07:29:13+00:00,2000,2040,1970,0,0,True,True
1790148554,2026-09-23T07:29:14+00:00,2000,1998,1951,0,0,True,True
1790148555,2026-09-23T07:29:15+00:00,2000,2001,1957,0,0,True,True
1790148556,2026-09-23T07:29:16+00:00,2000,1989,1940,0,0,True,True
1790148557,2026-09-23T07:29:17+00:00,2000,2009,1958,0,0,True,True
1790148558,2026-09-23T07:29:18+00:00,1999,1998,1949,0,0,True,True
1790148559,2026-09-23T07:29:19+00:00,2001,2005,1948,0,0,True,True
1790148560,2026-09-23T07:29:20+00:00,2000,2004,1952,0,0,True,True
1790148561,2026-09-23T07:29:21+00:00,2000,1993,1937,0,0,True,True
1790148562,2026-09-23T07:29:22+00:00,1997,1996,1949,0,0,True,True
1790148563,2026-09-23T07:29:23+00:00,2003,1993,1935,0,0,True,True
1790148564,2026-09-23T07:29:24+00:00,2000,2011,1947,0,0,True,True
1790148565,2026-09-23T07:29:25+00:00,2000,1978,1911,0,0,True,True
1790148566,2026-09-23T07:29:26+00:00,2000,2026,1964,0,0,True,True
1790148567,2026-09-23T07:29:27+00:00,2000,1991,1933,0,0,True,True
1790148568,2026-09-23T07:29:28+00:00,1999,2008,1951,0,0,True,True
1790148569,2026-09-23T07:29:29+00:00,2001,1997,1944,0,0,True,True
1790148570,2026-09-23T07:29:30+00:00,2000,1998,1942,0,0,True,True
1790148571,2026-09-23T07:29:31+00:00,2000,2006,1938,0,0,True,True
1790148572,2026-09-23T07:29:32+00:00,2000,1999,1939,0,0,True,True
1790148573,2026-09-23T07:29:33+00:00,1999,1996,1936,0,0,True,True
1790148574,2026-09-23T07:29:34+00:00,2001,2003,1945,0,0,True,True
1790148575,2026-09-23T07:29:35+00:00,2000,2000,1931,0,0,True,True
1790148576,2026-09-23T07:29:36+00:00,2000,2003,1932,0,0,True,True
1790148577,2026-09-23T07:29:37+00:00,1999,2000,1939,0,0,True,True
1790148578,2026-09-23T07:29:38+00:00,2001,1983,1936,0,0,True,True
1790148579,2026-09-23T07:29:39+00:00,2000,2015,1938,0,0,True,True
1790148580,2026-09-23T07:29:40+00:00,2000,1998,1929,0,0,True,True
1790148581,2026-09-23T07:29:41+00:00,2000,2000,1934,0,0,True,True
1790148582,2026-09-23T07:29:42+00:00,2000,2001,1932,0,0,True,True
1790148583,2026-09-23T07:29:43+00:00,2000,2002,1928,0,0,True,True
1790148584,2026-09-23T07:29:44+00:00,2000,1995,1933,0,0,True,True
1790148585,2026-09-23T07:29:45+00:00,2000,2002,1942,0,0,True,True
1790148586,2026-09-23T07:29:46+00:00,1999,1984,1914,0,0,True,True
1790148587,2026-09-23T07:29:47+00:00,2001,2021,1959,0,0,True,True
1790148588,2026-09-23T07:29:48+00:00,2000,1990,1922,0,0,False,True
1790148589,2026-09-23T07:29:49+00:00,2000,2007,1938,0,0,False,True
1790148590,2026-09-23T07:29:50+00:00,2000,1989,1919,0,0,False,True
1790148591,2026-09-23T07:29:51+00:00,2000,2008,1939,0,0,False,True
1790148592,2026-09-23T07:29:52+00:00,1466,1482,1423,0,0,False,True
