ts,db_bytes,pending,oldest_pending_s,decision_eligible,decision_retained,decision_oldest_due_s,family_eligible,family_live,family_oldest_due_s,contract_orphan,spent_eligible,spent_retained,anchor,issuances,issuances_eligible,issuances_oldest_due_s,revocations,revocations_eligible,revocations_retained
1791592408.875469,12506815,0,0,0,0,0,0,0,0,0,0,0,0,0,0,0,0,0,0
1791592418.863025,26826431,6,-0.000675,0,1711,0,0,2702,0,0,0,916,6770,1710,0,0,0,0,0
1791592428.887621,44717759,83,0.032199,0,4529,0,77,5443,6.959325,0,56,6728,24917,4528,0,0,0,0,0
1791592438.978393,66664127,30,0.005843,0,7306,0,543,7748,16.951586,0,172,9931,46200,7299,0,0,0,0,0
1791592448.977693,88004287,47,0.010605,0,10138,0,1104,9257,7.589785,47,461,11946,68362,10135,0,0,0,0,0
1791592458.936333,110352063,45,0.007992,0,12917,0,3174,9966,17.568525,47,1620,13180,91110,12914,0,0,0,0,0
1791592468.934189,116168383,55,0.014982,0,15634,0,5681,10175,27.566954,47,3531,13767,114348,15630,0,0,0,0,0
1791592478.949471,123713215,89,0.03047,0,18406,0,8400,10230,37.57584,47,5875,13966,137862,18404,0,0,0,0,0
1791592489.007657,135214783,156,0.035424,0,21257,0,11243,10238,47.600494,47,8352,13922,161659,21255,0,0,0,0,0
1791592498.991121,154343103,176,0.065332,0,24080,0,14063,10240,57.603076,47,10960,13802,185340,24077,0,0,0,0,0
1791592508.981101,177379007,179,0.070449,1723,25140,3.787286,1503,10240,5.57305,0,1387,13819,208960,26856,0,0,0,0,0
1791592518.968695,200652479,282,0.112452,4530,25069,13.767488,4232,10240,15.553252,0,3784,13927,232307,29585,0,0,0,0,0
1791592528.985065,204314303,83,0.012189,7308,25101,23.767546,7050,10240,25.55331,0,6138,14088,256301,32403,0,0,0,0,0
1791592538.965959,208279231,150,0.058928,10143,25011,33.775331,9792,10240,35.561095,0,8671,14029,279771,35145,0,0,0,0,0
1791592548.993937,212924095,54,0.010433,12927,25019,43.776762,12585,10240,45.562526,0,11134,14004,303489,37938,0,0,0,0,0
1791592558.979933,220657343,2423,1.015795,15638,25101,53.777065,15384,10240,55.562829,0,13632,13954,324773,40737,0,0,0,0,0
1791592568.93345,232535743,74,0.021357,701,25136,2.504754,710,10240,2.510369,0,598,13943,350693,43539,0,0,0,0,0
1791592578.945782,244774591,27,0.004716,3538,25069,12.508175,3484,10240,12.51379,0,3120,13897,374312,46313,0,0,0,0,0
1791592588.942781,249091775,64,0.019045,6367,24974,22.508301,6215,10240,22.513916,0,5528,13962,397698,49044,0,0,0,0,0
1791592598.941948,251016895,77,0.026125,9154,24964,32.509271,8993,10240,32.514886,0,8096,13830,421344,51822,0,0,0,0,0
1791592609.014181,252991167,55,0.016811,11909,25016,42.581985,11801,10240,42.5876,0,10560,13874,445206,54630,0,0,0,0,0
1791592618.98134,255137471,309,0.118342,14707,25030,52.539536,14613,10240,52.545151,0,13037,13855,468528,57442,0,0,0,0,0
1791592629.02646,257324735,199,0.077696,2604,25127,9.519498,2920,10240,10.287595,30,2596,13832,492430,60283,0,0,0,0,0
1791592638.969316,263812799,88,0.026616,2650,25133,9.409391,2654,10240,9.412321,0,2259,13868,516146,63080,0,0,0,0,0
1791592648.943935,264500927,27,0.003624,5434,25138,19.399443,5445,10240,19.402373,0,4830,13832,539872,65871,0,0,0,0,0
1791592658.978214,267269823,203,0.067065,8249,25154,29.414565,8271,10240,29.417495,0,7347,13852,563461,68697,0,0,0,0,0
1791592668.965503,269801151,79,0.038075,11016,25203,39.406971,11089,10240,39.409901,0,9709,13947,587153,71515,0,0,0,0,0
1791592678.987233,272365247,33,-0.001111,13753,25290,49.417942,13911,10240,49.420872,0,12191,13894,610971,74337,0,0,0,0,0
1791592688.991455,275814079,77,0.019846,16530,25263,59.427358,16665,10240,59.430288,0,14680,13873,634416,77091,0,0,0,0,0
1791592699.208784,285054655,258,0.07733,1770,25267,6.373446,1772,10240,6.37745,0,1560,13778,657890,79891,0,0,0,0,0
1791592708.999062,287200959,187,0.068714,4589,25161,16.362771,4476,10240,16.366775,0,3988,13838,681380,82595,0,0,0,0,0
1791592719.166905,289011391,35,0.004843,7474,25078,26.530397,7288,10240,26.534401,0,6420,13948,705550,85407,0,0,0,0,0
1791592728.974312,290797247,392,0.184171,10233,25055,36.341922,10018,10240,36.345926,0,8691,14064,728295,88137,0,0,0,0,0
1791592738.942475,293074623,51,0.010759,13015,24990,46.321241,12740,10240,46.325245,0,11217,14055,752152,90859,0,0,0,0,0
1791592748.956508,296236735,55,0.008853,15844,25005,56.325107,15585,10240,56.329111,0,13794,13872,775915,93704,0,0,0,0,0
1791592758.953935,302290623,60,0.011863,1067,24999,3.729164,1013,10240,3.721065,0,915,13783,799635,96520,0,0,0,0,0
1791592768.947845,303978175,47,0.012483,3881,24931,13.726642,3759,10240,13.718543,0,3316,13961,823200,99266,0,0,0,0,0
1791592778.961485,305141439,31,0.028292,6636,24004,23.73397,5587,10240,23.725871,0,4829,14027,840701,101094,1742,3.860953,0,0,0
1791592788.986389,305387199,47,0.043952,9427,21593,33.745329,5967,10240,33.73723,0,4905,14031,848293,101474,4545,13.872312,0,0,0
1791592798.951943,305673919,22,0.020608,12142,19258,43.73392,6348,10240,43.725821,0,4985,14031,855912,101855,7324,23.860903,0,0,0
1791592808.967439,306173631,23,0.019759,14899,16861,53.741654,6707,10240,53.733555,0,5045,14031,863413,102214,10165,33.868637,0,0,0
1791592818.934948,306534079,0,0,656,14138,2.422374,0,10240,0,0,0,14031,866456,89858,531,1.857037,0,0,0
1791592821.724772,289167039,0,0,1373,13421,5.19334,0,10240,0,0,0,14031,866456,89858,1342,4.628003,0,0,0
1791592828.936891,289167039,0,0,3374,11420,12.422714,0,10240,0,0,0,14031,866456,89858,3251,11.857377,0,0,0
1791592838.934669,289167039,0,0,6214,8580,22.416032,0,10240,0,0,0,14031,866456,89858,6035,21.850695,0,0,0
1791592848.939751,289167039,0,0,9033,5761,32.42145,0,10240,0,0,0,14031,866456,89858,8849,31.856113,0,0,0
1791592858.948429,289167039,0,0,11778,3016,42.418247,0,10240,0,0,0,14031,866456,89858,11678,41.85291,0,0,0
1791592859.330041,289167039,0,0,11877,2917,42.800367,0,10240,0,0,0,14031,866456,89858,11965,42.23503,0,0,0
1791592859.330041,289167039,0,0,11877,2917,42.800367,0,10240,0,0,0,14031,866456,89858,11965,42.23503,0,0,0
1791592868.941059,289167039,0,0,13608,1186,52.414918,0,10240,0,0,0,14031,866456,89858,14461,51.849581,0,0,0
