second,ts,pending,oldest_pending_s,anchor,observed_at,blocked,db_bytes,family_eligible,family_live,contract_orphan,decision_eligible,decision_retained,spent_eligible,spent_retained,vk_used_memory
0,1791465484.7478418,6,0.058813,0,1791465484.158742,,12662463,0,0,0,0,0,0,0,1376504
5,1791465489.7144353,268,1.363971,733,1791465488.364468,,13489855,0,0,0,0,0,0,0,1382392
10,1791465494.7193577,282,1.380886,1732,1791465493.356931,,14251711,0,0,0,0,0,0,0,1384440
15,1791465499.714436,1285,6.374067,1732,1791465499.422618,,14874303,0,0,0,0,0,0,0,1382392
20,1791465504.714435,2289,11.373955,1732,1791465503.437005,,15464127,0,0,0,0,0,0,0,1384440
25,1791465509.7144358,3295,16.375084,1732,1791465503.437005,,16045759,0,0,0,0,0,0,0,1382392
30,1791465514.7147107,4297,21.374147,1732,1791465511.452954,,16619199,0,0,0,0,0,0,0,1382392
35,1791465519.718077,5305,26.377309,1732,1791465511.452954,,17217215,0,0,0,0,0,0,0,1382392
40,1791465524.714432,6305,31.377481,1732,1791465511.452954,,17790655,0,0,0,0,0,0,0,1382392
45,1791465529.7144666,156,0.780606,8890,1791465528.938316,,19142335,0,0,0,0,0,0,0,1382392
50,1791465534.714444,244,1.225526,9805,1791465533.49588,,19445439,0,0,0,0,0,0,0,1382392
55,1791465539.718942,406,2.019761,10651,1791465539.715329,,20166335,0,0,0,0,0,0,0,1382392
60,1791465544.7144263,0,0,11058,1791465543.813699,,20256447,0,0,0,0,0,0,0,1382136
65,1791465549.7144134,0,0,11058,1791465547.856918,,20256447,0,0,0,0,0,0,0,1382136
70,1791465554.7144103,0,0,11058,1791465553.904194,,20256447,0,0,0,0,0,0,0,1382136
75,1791465559.7143977,0,0,11058,1791465557.915172,,20256447,0,0,0,0,0,0,0,1381112
80,1791465564.7144115,0,0,11058,1791465563.950988,,20256447,0,0,0,0,0,0,0,1382136
