offset_s,ts,index,version,tree_level,index_size,root_block_no,internal_pages,leaf_pages,empty_pages,deleted_pages,avg_leaf_density,leaf_fragmentation
1.716,1791610294.5126572,security_audit_events_pkey,4,0,8192,0,0,0,0,0,NaN,NaN
1.716,1791610294.5126572,oauth_token_issuances_pkey,4,0,8192,0,0,0,0,0,NaN,NaN
1.716,1791610294.5126572,oauth_token_issuances_tenant_jti_idx,4,0,8192,0,0,0,0,0,NaN,NaN
1.716,1791610294.5126572,oauth_token_issuances_retention_idx,4,0,8192,0,0,0,0,0,NaN,NaN
1.716,1791610294.5126572,ix_oauth_token_issuances_tenant_user,4,0,8192,0,0,0,0,0,NaN,NaN
1.716,1791610294.5126572,pk_oauth_refresh_families,4,0,8192,0,0,0,0,0,NaN,NaN
1.716,1791610294.5126572,ux_oauth_refresh_families_current_digest,4,0,8192,0,0,0,0,0,NaN,NaN
1.716,1791610294.5126572,ix_orf_scope_active,4,0,8192,0,0,0,0,0,NaN,NaN
1.716,1791610294.5126572,ix_orf_client_active,4,0,8192,0,0,0,0,0,NaN,NaN
1.716,1791610294.5126572,ix_orf_expires,4,0,8192,0,0,0,0,0,NaN,NaN
1.716,1791610294.5126572,idx_oauth_refresh_families_contract,4,0,8192,0,0,0,0,0,NaN,NaN
1.716,1791610294.5126572,idx_authorization_decision_request,4,0,8192,0,0,0,0,0,NaN,NaN
1.716,1791610294.5126572,idx_authorization_decision_par,4,0,8192,0,0,0,0,0,NaN,NaN
1.716,1791610294.5126572,idx_security_audit_events_pending_order,4,0,8192,0,0,0,0,0,NaN,NaN
1.716,1791610294.5126572,idx_authorization_decision_reclaim,4,0,8192,0,0,0,0,0,NaN,NaN
1.716,1791610294.5126572,ix_orf_revoked_cleanup,4,0,8192,0,0,0,0,0,NaN,NaN
1.716,1791610294.5126572,oauth_token_issuances_single_use_key_idx,4,0,8192,0,0,0,0,0,NaN,NaN
122.028,1791610414.8249233,security_audit_events_pkey,4,2,11755520,295,8,1330,0,96,24.05,19.25
122.028,1791610414.8249233,idx_authorization_decision_request,4,2,11739136,124,17,1281,0,134,54.76,16.94
122.028,1791610414.8249233,idx_authorization_decision_par,4,2,21094400,80,45,2529,0,0,45.42,49.55
122.028,1791610414.8249233,idx_security_audit_events_pending_order,4,1,4202496,3,1,56,0,455,90.05,1.79
122.028,1791610414.8249233,idx_authorization_decision_reclaim,4,2,3735552,412,3,393,0,59,89.81,0
122.028,1791610414.8249233,oauth_token_issuances_pkey,4,2,2940928,295,3,355,0,0,89.87,0
122.028,1791610414.8249233,oauth_token_issuances_tenant_jti_idx,4,2,7192576,124,11,866,0,0,90.02,0
122.028,1791610414.8249233,oauth_token_issuances_retention_idx,4,2,3784704,234,4,457,0,0,89.95,0
122.028,1791610414.8249233,ix_oauth_token_issuances_tenant_user,4,0,8192,0,0,0,0,0,NaN,NaN
122.028,1791610414.8249233,oauth_token_issuances_single_use_key_idx,4,2,9363456,124,12,1130,0,0,69.27,49.73
122.028,1791610414.8249233,pk_oauth_refresh_families,4,2,6209536,190,3,205,0,549,59.93,0.98
122.028,1791610414.8249233,ux_oauth_refresh_families_current_digest,4,2,10412032,124,15,1255,0,0,15.96,50.04
122.028,1791610414.8249233,ix_orf_scope_active,4,1,1409024,3,1,170,0,0,82,48.82
122.028,1791610414.8249233,ix_orf_client_active,4,1,1032192,3,1,21,0,103,64.53,38.1
122.028,1791610414.8249233,ix_orf_expires,4,1,2916352,3,1,77,0,277,72.01,33.77
122.028,1791610414.8249233,idx_oauth_refresh_families_contract,4,1,950272,3,1,114,0,0,81.11,50.88
122.028,1791610414.8249233,ix_orf_revoked_cleanup,4,2,3612672,428,2,65,0,373,89.09,1.54
242.458,1791610535.25521,security_audit_events_pkey,4,2,19447808,295,13,2177,0,183,21.78,28.43
242.458,1791610535.25521,idx_authorization_decision_request,4,2,17891328,124,25,1973,0,185,53.56,26.31
242.458,1791610535.25521,idx_authorization_decision_par,4,3,30507008,3685,80,3643,0,0,47.71,49.35
242.458,1791610535.25521,idx_security_audit_events_pending_order,4,2,8650752,749,3,97,0,955,53.27,1.03
242.458,1791610535.25521,idx_authorization_decision_reclaim,4,2,6995968,412,3,605,0,245,89.86,0.33
242.458,1791610535.25521,oauth_token_issuances_pkey,4,2,5971968,295,5,723,0,0,89.93,0
242.458,1791610535.25521,oauth_token_issuances_tenant_jti_idx,4,2,14630912,124,22,1763,0,0,90.08,0
242.458,1791610535.25521,oauth_token_issuances_retention_idx,4,2,7675904,234,7,929,0,0,90.11,0
242.458,1791610535.25521,ix_oauth_token_issuances_tenant_user,4,0,8192,0,0,0,0,0,NaN,NaN
242.458,1791610535.25521,oauth_token_issuances_single_use_key_idx,4,2,18948096,124,24,2288,0,0,69.65,49.91
242.458,1791610535.25521,pk_oauth_refresh_families,4,2,6701056,190,7,664,0,146,52.72,0.45
242.458,1791610535.25521,ux_oauth_refresh_families_current_digest,4,2,11845632,124,21,1423,0,1,38.49,50.88
242.458,1791610535.25521,ix_orf_scope_active,4,1,1409024,3,1,170,0,0,79.61,48.82
242.458,1791610535.25521,ix_orf_client_active,4,1,1318912,3,1,20,0,139,59.87,30
242.458,1791610535.25521,ix_orf_expires,4,1,4808704,3,1,309,0,276,51.16,46.28
242.458,1791610535.25521,idx_oauth_refresh_families_contract,4,1,999424,3,1,120,0,0,76.05,51.67
242.458,1791610535.25521,ix_orf_revoked_cleanup,4,2,5988352,428,2,367,0,361,89.5,0.27
362.618,1791610655.4147925,security_audit_events_pkey,4,2,23117824,295,8,1413,0,1400,27.25,7.22
362.618,1791610655.4147925,idx_authorization_decision_request,4,2,21233664,124,17,1307,0,1267,65.25,2.6
362.618,1791610655.4147925,idx_authorization_decision_par,4,3,35840000,3685,88,4286,0,0,33.34,49.7
362.618,1791610655.4147925,idx_security_audit_events_pending_order,4,2,9560064,749,2,57,0,1107,84.23,1.75
362.618,1791610655.4147925,idx_authorization_decision_reclaim,4,2,8716288,412,3,490,0,570,89.67,0.41
362.618,1791610655.4147925,oauth_token_issuances_pkey,4,2,8994816,295,6,1091,0,0,89.99,0
362.618,1791610655.4147925,oauth_token_issuances_tenant_jti_idx,4,2,22085632,124,33,2662,0,0,90.08,0
362.618,1791610655.4147925,oauth_token_issuances_retention_idx,4,2,11591680,234,10,1404,0,0,90.06,0
362.618,1791610655.4147925,ix_oauth_token_issuances_tenant_user,4,0,8192,0,0,0,0,0,NaN,NaN
362.618,1791610655.4147925,oauth_token_issuances_single_use_key_idx,4,2,29097984,124,44,3507,0,0,68.63,49.16
362.618,1791610655.4147925,pk_oauth_refresh_families,4,2,9592832,190,5,410,0,755,54.6,0.49
362.618,1791610655.4147925,ux_oauth_refresh_families_current_digest,4,2,15245312,124,23,1837,0,0,19.56,50.73
362.618,1791610655.4147925,ix_orf_scope_active,4,1,1409024,3,1,170,0,0,80.4,48.82
362.618,1791610655.4147925,ix_orf_client_active,4,1,1318912,3,1,23,0,136,54.15,8.7
362.618,1791610655.4147925,ix_orf_expires,4,2,5275648,121,2,181,0,460,56.03,43.09
362.618,1791610655.4147925,idx_oauth_refresh_families_contract,4,2,1327104,124,3,158,0,0,79.21,47.47
362.618,1791610655.4147925,ix_orf_revoked_cleanup,4,2,5988352,428,2,201,0,527,89.25,0.5
482.272,1791610775.069341,security_audit_events_pkey,4,2,23117824,295,8,1159,0,1654,27.3,11.22
482.272,1791610775.069341,idx_authorization_decision_request,4,2,21233664,124,15,1094,0,1482,61.85,7.5
482.272,1791610775.069341,idx_authorization_decision_par,4,3,36544512,3685,89,4371,0,0,26.14,49.71
482.272,1791610775.069341,idx_security_audit_events_pending_order,4,2,9560064,749,2,53,0,1111,89.6,1.89
482.272,1791610775.069341,idx_authorization_decision_reclaim,4,2,8716288,412,3,379,0,681,89.61,0.53
482.272,1791610775.069341,oauth_token_issuances_pkey,4,2,11034624,295,8,1338,0,0,89.91,0.07
482.272,1791610775.069341,oauth_token_issuances_tenant_jti_idx,4,2,27058176,124,40,3262,0,0,90.07,0.03
482.272,1791610775.069341,oauth_token_issuances_retention_idx,4,2,14204928,234,13,1720,0,0,90.05,0.06
482.272,1791610775.069341,ix_oauth_token_issuances_tenant_user,4,0,8192,0,0,0,0,0,NaN,NaN
482.272,1791610775.069341,oauth_token_issuances_single_use_key_idx,4,2,35250176,124,46,4256,0,0,69.27,49.84
482.272,1791610775.069341,pk_oauth_refresh_families,4,2,11681792,190,3,172,0,1250,61.65,1.16
482.272,1791610775.069341,ux_oauth_refresh_families_current_digest,4,2,15474688,124,23,1857,0,8,9.63,50.62
482.272,1791610775.069341,ix_orf_scope_active,4,1,1409024,3,1,170,0,0,81.56,48.82
482.272,1791610775.069341,ix_orf_client_active,4,1,1343488,3,1,22,0,140,55.77,9.09
482.272,1791610775.069341,ix_orf_expires,4,2,5275648,121,2,62,0,579,76.56,30.65
482.272,1791610775.069341,idx_oauth_refresh_families_contract,4,2,1327104,124,3,158,0,0,64.44,47.47
482.272,1791610775.069341,ix_orf_revoked_cleanup,4,2,5988352,428,2,44,0,684,87.83,2.27
603.474,1791610896.271133,security_audit_events_pkey,4,2,23117824,295,10,1808,0,1003,23.22,22.95
603.474,1791610896.271133,idx_authorization_decision_request,4,2,21233664,124,21,1611,0,959,58,17.13
603.474,1791610896.271133,idx_authorization_decision_par,4,3,37961728,3685,90,4543,0,0,34.05,49.66
603.474,1791610896.271133,idx_security_audit_events_pending_order,4,2,9560064,749,2,57,0,1107,90.03,1.75
603.474,1791610896.271133,idx_authorization_decision_reclaim,4,2,8716288,412,3,531,0,529,89.66,0.56
603.474,1791610896.271133,oauth_token_issuances_pkey,4,2,12492800,295,9,1460,0,55,89.75,0.14
603.474,1791610896.271133,oauth_token_issuances_tenant_jti_idx,4,2,30670848,124,44,3560,0,139,89.94,0.06
603.474,1791610896.271133,oauth_token_issuances_retention_idx,4,2,16089088,234,14,1877,0,72,89.92,0.11
603.474,1791610896.271133,ix_oauth_token_issuances_tenant_user,4,0,8192,0,0,0,0,0,NaN,NaN
603.474,1791610896.271133,oauth_token_issuances_single_use_key_idx,4,2,40132608,124,52,4846,0,0,66.32,49.32
603.474,1791610896.271133,pk_oauth_refresh_families,4,2,11681792,190,6,518,0,901,54.81,0.39
603.474,1791610896.271133,ux_oauth_refresh_families_current_digest,4,2,15663104,124,23,1888,0,0,23.87,50.42
603.474,1791610896.271133,ix_orf_scope_active,4,1,1409024,3,1,170,0,0,84.19,48.82
603.474,1791610896.271133,ix_orf_client_active,4,1,1343488,3,1,21,0,141,62.79,33.33
603.474,1791610896.271133,ix_orf_expires,4,2,5275648,121,3,235,0,405,54.59,44.68
603.474,1791610896.271133,idx_oauth_refresh_families_contract,4,2,1327104,124,3,158,0,0,83.75,47.47
603.474,1791610896.271133,ix_orf_revoked_cleanup,4,2,5988352,428,2,271,0,457,89.53,0.37
723.473,1791611016.2700694,security_audit_events_pkey,4,2,23117824,295,11,1890,0,920,21.95,32.38
723.473,1791611016.2700694,idx_authorization_decision_request,4,2,21233664,124,20,1545,0,1026,58.62,22.39
723.473,1791611016.2700694,idx_authorization_decision_par,4,3,38494208,3685,90,4608,0,0,33.01,49.78
723.473,1791611016.2700694,idx_security_audit_events_pending_order,4,2,10985472,749,2,82,0,1256,82.89,3.66
723.473,1791611016.2700694,idx_authorization_decision_reclaim,4,2,8716288,412,3,519,0,541,89.87,0.58
723.473,1791611016.2700694,oauth_token_issuances_pkey,4,2,13574144,295,8,1343,0,305,89.96,0.22
723.473,1791611016.2700694,oauth_token_issuances_tenant_jti_idx,4,2,33103872,124,41,3275,0,724,90.09,0.09
723.473,1791611016.2700694,oauth_token_issuances_retention_idx,4,2,19398656,234,13,1727,0,627,90.07,0.12
723.473,1791611016.2700694,ix_oauth_token_issuances_tenant_user,4,0,8192,0,0,0,0,0,NaN,NaN
723.473,1791611016.2700694,oauth_token_issuances_single_use_key_idx,4,2,43393024,124,64,5232,0,0,56.73,49.56
723.473,1791611016.2700694,pk_oauth_refresh_families,4,2,11681792,190,5,408,0,1012,54.26,0.49
723.473,1791611016.2700694,ux_oauth_refresh_families_current_digest,4,2,16220160,124,23,1956,0,0,18.23,50.46
723.473,1791611016.2700694,ix_orf_scope_active,4,1,1409024,3,1,170,0,0,79.49,48.82
723.473,1791611016.2700694,ix_orf_client_active,4,1,1343488,3,1,21,0,141,67.53,9.52
723.473,1791611016.2700694,ix_orf_expires,4,2,5275648,121,2,180,0,461,55.74,42.78
723.473,1791611016.2700694,idx_oauth_refresh_families_contract,4,2,1327104,124,3,158,0,0,61.68,47.47
723.473,1791611016.2700694,ix_orf_revoked_cleanup,4,2,5988352,428,3,200,0,527,89.21,0.5
843.562,1791611136.359045,security_audit_events_pkey,4,2,25837568,295,9,1639,0,1505,22.21,34.41
843.562,1791611136.359045,idx_authorization_decision_request,4,2,21233664,124,18,1339,0,1234,58.71,23.6
843.562,1791611136.359045,idx_authorization_decision_par,4,3,39403520,3685,91,4718,0,0,28.32,49.87
843.562,1791611136.359045,idx_security_audit_events_pending_order,4,2,11403264,749,2,78,0,1311,84.41,2.56
843.562,1791611136.359045,idx_authorization_decision_reclaim,4,2,8716288,412,4,450,0,609,89.78,0.44
843.562,1791611136.359045,oauth_token_issuances_pkey,4,2,13574144,295,8,1177,0,471,89.9,0.25
843.562,1791611136.359045,oauth_token_issuances_tenant_jti_idx,4,2,35618816,124,36,2869,0,1442,90.07,0.14
843.562,1791611136.359045,oauth_token_issuances_retention_idx,4,2,21250048,234,11,1513,0,1069,90.05,0.2
843.562,1791611136.359045,ix_oauth_token_issuances_tenant_user,4,0,8192,0,0,0,0,0,NaN,NaN
843.562,1791611136.359045,oauth_token_issuances_single_use_key_idx,4,2,43638784,124,65,5261,0,0,49.53,49.5
843.562,1791611136.359045,pk_oauth_refresh_families,4,2,11681792,190,4,322,0,1099,51.27,0.62
843.562,1791611136.359045,ux_oauth_refresh_families_current_digest,4,2,16588800,124,23,2001,0,0,13.6,50.32
843.562,1791611136.359045,ix_orf_scope_active,4,1,1409024,3,1,170,0,0,66.72,48.82
843.562,1791611136.359045,ix_orf_client_active,4,1,1343488,3,1,20,0,142,53.52,35
843.562,1791611136.359045,ix_orf_expires,4,2,5275648,121,3,138,0,502,55.43,41.3
843.562,1791611136.359045,idx_oauth_refresh_families_contract,4,2,1327104,124,3,158,0,0,49.86,47.47
843.562,1791611136.359045,ix_orf_revoked_cleanup,4,2,5988352,428,2,145,0,583,88.85,0.69
963.45,1791611256.2474174,security_audit_events_pkey,4,2,27172864,295,8,1408,0,1900,22.13,35.16
963.45,1791611256.2474174,idx_authorization_decision_request,4,2,21233664,124,16,1155,0,1420,57.61,26.84
963.45,1791611256.2474174,idx_authorization_decision_par,4,3,39567360,3685,91,4738,0,0,24.17,49.87
963.45,1791611256.2474174,idx_security_audit_events_pending_order,4,2,11771904,749,2,75,0,1359,85.3,1.33
963.45,1791611256.2474174,idx_authorization_decision_reclaim,4,2,8716288,412,3,380,0,680,89.69,0.53
963.45,1791611256.2474174,oauth_token_issuances_pkey,4,2,13574144,295,7,1122,0,527,89.91,0.27
963.45,1791611256.2474174,oauth_token_issuances_tenant_jti_idx,4,2,35618816,124,34,2736,0,1577,90.07,0.15
963.45,1791611256.2474174,oauth_token_issuances_retention_idx,4,2,21250048,234,11,1443,0,1139,90.02,0.28
963.45,1791611256.2474174,ix_oauth_token_issuances_tenant_user,4,0,8192,0,0,0,0,0,NaN,NaN
963.45,1791611256.2474174,oauth_token_issuances_single_use_key_idx,4,2,43696128,124,65,5268,0,0,47.22,49.51
963.45,1791611256.2474174,pk_oauth_refresh_families,4,2,11681792,190,3,169,0,1253,51.12,0.59
963.45,1791611256.2474174,ux_oauth_refresh_families_current_digest,4,2,16670720,124,23,2007,0,4,7.47,50.17
963.45,1791611256.2474174,ix_orf_scope_active,4,1,1409024,3,1,170,0,0,64.1,48.82
963.45,1791611256.2474174,ix_orf_client_active,4,1,1343488,3,1,16,0,146,61.28,50
963.45,1791611256.2474174,ix_orf_expires,4,2,5275648,121,2,61,0,580,65.86,27.87
963.45,1791611256.2474174,idx_oauth_refresh_families_contract,4,2,1327104,124,3,158,0,0,41.98,47.47
963.45,1791611256.2474174,ix_orf_revoked_cleanup,4,2,5988352,428,2,43,0,685,87.66,2.33
1084.193,1791611376.9902139,security_audit_events_pkey,4,2,27172864,295,10,1819,0,1487,22.5,31.12
1084.193,1791611376.9902139,idx_authorization_decision_request,4,2,21233664,124,19,1489,0,1083,59.77,21.49
1084.193,1791611376.9902139,idx_authorization_decision_par,4,3,40271872,3685,92,4823,0,0,31.05,50.03
1084.193,1791611376.9902139,idx_security_audit_events_pending_order,4,2,11771904,749,2,88,0,1346,85.18,1.14
1084.193,1791611376.9902139,idx_authorization_decision_reclaim,4,2,8716288,412,3,507,0,553,89.76,0.59
1084.193,1791611376.9902139,oauth_token_issuances_pkey,4,2,13574144,295,7,1221,0,428,89.97,0.25
1084.193,1791611376.9902139,oauth_token_issuances_tenant_jti_idx,4,2,35618816,124,37,2978,0,1332,90.1,0.13
1084.193,1791611376.9902139,oauth_token_issuances_retention_idx,4,2,21250048,234,12,1572,0,1009,89.99,0.38
1084.193,1791611376.9902139,ix_oauth_token_issuances_tenant_user,4,0,8192,0,0,0,0,0,NaN,NaN
1084.193,1791611376.9902139,oauth_token_issuances_single_use_key_idx,4,2,44097536,124,67,5315,0,0,50.9,49.41
1084.193,1791611376.9902139,pk_oauth_refresh_families,4,2,11681792,190,5,452,0,968,50.55,0.22
1084.193,1791611376.9902139,ux_oauth_refresh_families_current_digest,4,2,16891904,124,23,2038,0,0,29.94,50.25
1084.193,1791611376.9902139,ix_orf_scope_active,4,1,1409024,3,1,170,0,0,63.94,48.82
1084.193,1791611376.9902139,ix_orf_client_active,4,1,1343488,3,1,14,0,148,71.72,42.86
1084.193,1791611376.9902139,ix_orf_expires,4,2,5742592,121,2,202,0,496,51.68,43.56
1084.193,1791611376.9902139,idx_oauth_refresh_families_contract,4,2,1343488,124,3,160,0,0,60.47,47.5
1084.193,1791611376.9902139,ix_orf_revoked_cleanup,4,2,5988352,428,2,229,0,499,89.38,0.44
1203.68,1791611496.4772193,security_audit_events_pkey,4,2,27172864,295,12,2149,0,1155,21.12,34.53
1203.68,1791611496.4772193,idx_authorization_decision_request,4,2,21233664,124,22,1773,0,796,56.96,26.4
1203.68,1791611496.4772193,idx_authorization_decision_par,4,3,40427520,3685,92,4842,0,0,34.84,49.96
1203.68,1791611496.4772193,idx_security_audit_events_pending_order,4,2,11771904,749,2,75,0,1359,85.91,1.33
1203.68,1791611496.4772193,idx_authorization_decision_reclaim,4,2,8716288,412,4,580,0,479,89.85,0.52
1203.68,1791611496.4772193,oauth_token_issuances_pkey,4,2,13574144,295,8,1319,0,329,89.95,0.3
1203.68,1791611496.4772193,oauth_token_issuances_tenant_jti_idx,4,2,35618816,124,40,3217,0,1090,90.09,0.16
1203.68,1791611496.4772193,oauth_token_issuances_retention_idx,4,2,21250048,234,13,1696,0,884,90.08,0.35
1203.68,1791611496.4772193,ix_oauth_token_issuances_tenant_user,4,0,8192,0,0,0,0,0,NaN,NaN
1203.68,1791611496.4772193,oauth_token_issuances_single_use_key_idx,4,2,44138496,124,67,5320,0,0,54.83,49.4
1203.68,1791611496.4772193,pk_oauth_refresh_families,4,2,11681792,190,6,536,0,883,53.43,0.56
1203.68,1791611496.4772193,ux_oauth_refresh_families_current_digest,4,2,16973824,124,23,2048,0,0,22.31,50.15
1203.68,1791611496.4772193,ix_orf_scope_active,4,1,1409024,3,1,170,0,0,80.58,48.82
1203.68,1791611496.4772193,ix_orf_client_active,4,1,1343488,3,1,22,0,140,50.57,4.55
1203.68,1791611496.4772193,ix_orf_expires,4,2,5963776,121,2,246,0,479,52.92,45.12
1203.68,1791611496.4772193,idx_oauth_refresh_families_contract,4,2,1343488,124,3,160,0,0,68.72,47.5
1203.68,1791611496.4772193,ix_orf_revoked_cleanup,4,2,5988352,428,2,285,0,443,89.27,0.35
1323.435,1791611616.2320871,security_audit_events_pkey,4,2,27172864,295,11,2028,0,1277,21.7,32.79
1323.435,1791611616.2320871,idx_authorization_decision_request,4,2,21233664,124,21,1653,0,917,59.28,22.69
1323.435,1791611616.2320871,idx_authorization_decision_par,4,3,41025536,3685,92,4915,0,0,33.34,50.03
1323.435,1791611616.2320871,idx_security_audit_events_pending_order,4,2,11771904,749,2,71,0,1363,84.97,1.41
1323.435,1791611616.2320871,idx_authorization_decision_reclaim,4,2,8716288,412,3,563,0,497,89.69,0.36
1323.435,1791611616.2320871,oauth_token_issuances_pkey,4,2,13574144,295,8,1366,0,282,89.85,0.29
1323.435,1791611616.2320871,oauth_token_issuances_tenant_jti_idx,4,2,35618816,124,41,3331,0,975,90,0.12
1323.435,1791611616.2320871,oauth_token_issuances_retention_idx,4,2,21250048,234,13,1757,0,823,89.94,0.23
1323.435,1791611616.2320871,ix_oauth_token_issuances_tenant_user,4,0,8192,0,0,0,0,0,NaN,NaN
1323.435,1791611616.2320871,oauth_token_issuances_single_use_key_idx,4,2,44605440,124,70,5374,0,0,56.13,49.44
1323.435,1791611616.2320871,pk_oauth_refresh_families,4,2,11681792,190,6,571,0,848,53.59,0.35
1323.435,1791611616.2320871,ux_oauth_refresh_families_current_digest,4,2,17203200,124,23,2075,0,1,23.47,50.02
1323.435,1791611616.2320871,ix_orf_scope_active,4,1,1409024,3,1,170,0,0,81.34,48.82
1323.435,1791611616.2320871,ix_orf_client_active,4,1,1351680,3,1,22,0,141,54.22,4.55
1323.435,1791611616.2320871,ix_orf_expires,4,2,5963776,121,2,262,0,463,52.67,45.42
1323.435,1791611616.2320871,idx_oauth_refresh_families_contract,4,2,1343488,124,3,160,0,0,57.28,47.5
1323.435,1791611616.2320871,ix_orf_revoked_cleanup,4,2,5988352,428,2,307,0,421,89.3,0.33
1443.758,1791611736.5552342,security_audit_events_pkey,4,2,27172864,295,10,1767,0,1539,21.91,33.16
1443.758,1791611736.5552342,idx_authorization_decision_request,4,2,21233664,124,19,1438,0,1134,58.67,23.23
1443.758,1791611736.5552342,idx_authorization_decision_par,4,3,41320448,3685,92,4951,0,0,28.88,50.07
1443.758,1791611736.5552342,idx_security_audit_events_pending_order,4,2,11771904,749,2,75,0,1359,85.73,1.33
1443.758,1791611736.5552342,idx_authorization_decision_reclaim,4,2,8716288,412,3,485,0,575,89.63,0.41
1443.758,1791611736.5552342,oauth_token_issuances_pkey,4,2,13574144,295,9,1357,0,290,89.9,0.29
1443.758,1791611736.5552342,oauth_token_issuances_tenant_jti_idx,4,2,36020224,124,41,3306,0,1049,90.12,0.12
1443.758,1791611736.5552342,oauth_token_issuances_retention_idx,4,2,21250048,234,12,1744,0,837,90.08,0.17
1443.758,1791611736.5552342,ix_oauth_token_issuances_tenant_user,4,0,8192,0,0,0,0,0,NaN,NaN
1443.758,1791611736.5552342,oauth_token_issuances_single_use_key_idx,4,2,45105152,124,72,5433,0,0,55.2,49.48
1443.758,1791611736.5552342,pk_oauth_refresh_families,4,2,11681792,190,4,330,0,1091,55.8,0.61
1443.758,1791611736.5552342,ux_oauth_refresh_families_current_digest,4,2,17522688,124,25,2113,0,0,14.29,50.07
1443.758,1791611736.5552342,ix_orf_scope_active,4,1,1409024,3,1,170,0,0,80.99,48.82
1443.758,1791611736.5552342,ix_orf_client_active,4,1,1351680,3,1,22,0,141,51.3,9.09
1443.758,1791611736.5552342,ix_orf_expires,4,2,5963776,121,2,142,0,583,59.24,41.55
1443.758,1791611736.5552342,idx_oauth_refresh_families_contract,4,2,1343488,124,3,160,0,0,62.46,47.5
1443.758,1791611736.5552342,ix_orf_revoked_cleanup,4,2,6004736,428,2,149,0,581,89.32,0.67
1563.945,1791611856.7424986,security_audit_events_pkey,4,2,27172864,295,9,1620,0,1687,22.51,31.91
1563.945,1791611856.7424986,idx_authorization_decision_request,4,2,21233664,124,17,1309,0,1265,60.33,21.24
1563.945,1791611856.7424986,idx_authorization_decision_par,4,3,41664512,3685,92,4993,0,0,26.98,50.11
1563.945,1791611856.7424986,idx_security_audit_events_pending_order,4,2,11771904,749,2,79,0,1355,84.92,1.27
1563.945,1791611856.7424986,idx_authorization_decision_reclaim,4,2,8716288,412,4,453,0,606,89.77,0.44
1563.945,1791611856.7424986,oauth_token_issuances_pkey,4,2,13737984,295,7,1179,0,490,89.96,0.34
1563.945,1791611856.7424986,oauth_token_issuances_tenant_jti_idx,4,2,38387712,124,36,2876,0,1773,90.08,0.1
1563.945,1791611856.7424986,oauth_token_issuances_retention_idx,4,2,21250048,234,11,1518,0,1064,89.99,0.13
1563.945,1791611856.7424986,ix_oauth_token_issuances_tenant_user,4,0,8192,0,0,0,0,0,NaN,NaN
1563.945,1791611856.7424986,oauth_token_issuances_single_use_key_idx,4,2,45481984,124,73,5478,0,0,47.73,49.58
1563.945,1791611856.7424986,pk_oauth_refresh_families,4,2,11681792,190,4,335,0,1086,51.03,0.3
1563.945,1791611856.7424986,ux_oauth_refresh_families_current_digest,4,2,17670144,124,25,2131,0,0,19.51,50.07
1563.945,1791611856.7424986,ix_orf_scope_active,4,1,1409024,3,1,170,0,0,65.26,48.82
1563.945,1791611856.7424986,ix_orf_client_active,4,1,1376256,3,1,17,0,149,60.86,35.29
1563.945,1791611856.7424986,ix_orf_expires,4,2,5963776,121,2,144,0,581,54.21,40.97
1563.945,1791611856.7424986,idx_oauth_refresh_families_contract,4,2,1351680,124,3,161,0,0,34.91,47.83
1563.945,1791611856.7424986,ix_orf_revoked_cleanup,4,2,6004736,428,3,263,0,466,89,0.38
1683.843,1791611976.640257,security_audit_events_pkey,4,2,27172864,295,12,2153,0,1151,21.08,34.65
1683.843,1791611976.640257,idx_authorization_decision_request,4,2,21233664,124,22,1742,0,827,57.86,25.43
1683.843,1791611976.640257,idx_authorization_decision_par,4,3,41738240,3685,92,5002,0,0,33.71,50.12
1683.843,1791611976.640257,idx_security_audit_events_pending_order,4,2,11771904,749,2,75,0,1359,87.69,1.33
1683.843,1791611976.640257,idx_authorization_decision_reclaim,4,2,8716288,412,3,580,0,480,89.73,0.52
1683.843,1791611976.640257,oauth_token_issuances_pkey,4,2,13737984,295,8,1278,0,390,89.88,0.31
1683.843,1791611976.640257,oauth_token_issuances_tenant_jti_idx,4,2,38387712,124,38,3113,0,1534,90.11,0.1
1683.843,1791611976.640257,oauth_token_issuances_retention_idx,4,2,21250048,234,11,1643,0,939,90.04,0.12
1683.843,1791611976.640257,ix_oauth_token_issuances_tenant_user,4,0,8192,0,0,0,0,0,NaN,NaN
1683.843,1791611976.640257,oauth_token_issuances_single_use_key_idx,4,2,45826048,124,73,5520,0,0,51.23,49.62
1683.843,1791611976.640257,pk_oauth_refresh_families,4,2,11681792,190,7,795,0,623,85.19,0.25
1683.843,1791611976.640257,ux_oauth_refresh_families_current_digest,4,2,17670144,124,25,2129,0,2,49.7,49.98
1683.843,1791611976.640257,ix_orf_scope_active,4,1,1409024,3,1,170,0,0,85.09,48.82
1683.843,1791611976.640257,ix_orf_client_active,4,1,1376256,3,1,89,0,77,63.58,4.49
1683.843,1791611976.640257,ix_orf_expires,4,2,5963776,121,2,375,0,350,77.79,46.67
1683.843,1791611976.640257,idx_oauth_refresh_families_contract,4,2,1351680,124,3,161,0,0,79.77,47.83
1683.843,1791611976.640257,ix_orf_revoked_cleanup,4,2,6283264,428,3,453,0,310,89.45,0.22
1803.471,1791612096.268383,security_audit_events_pkey,4,2,27172864,295,11,1898,0,1407,21.19,35.72
1803.471,1791612096.268383,idx_authorization_decision_request,4,2,21233664,124,20,1540,0,1031,57.37,25.97
1803.471,1791612096.268383,idx_authorization_decision_par,4,3,42016768,3685,92,5036,0,0,29.58,50.2
1803.471,1791612096.268383,idx_security_audit_events_pending_order,4,2,12206080,749,2,74,0,1413,84.95,1.35
1803.471,1791612096.268383,idx_authorization_decision_reclaim,4,2,8716288,412,3,507,0,553,89.92,0.59
1803.471,1791612096.268383,oauth_token_issuances_pkey,4,2,13737984,295,8,1376,0,292,89.93,0.36
1803.471,1791612096.268383,oauth_token_issuances_tenant_jti_idx,4,2,38387712,124,42,3355,0,1288,90.11,0.12
1803.471,1791612096.268383,oauth_token_issuances_retention_idx,4,2,21250048,234,12,1770,0,811,90.03,0.11
1803.471,1791612096.268383,ix_oauth_token_issuances_tenant_user,4,0,8192,0,0,0,0,0,NaN,NaN
1803.471,1791612096.268383,oauth_token_issuances_single_use_key_idx,4,2,45850624,124,73,5523,0,0,55.11,49.63
1803.471,1791612096.268383,pk_oauth_refresh_families,4,2,11681792,190,5,465,0,955,53.45,0.43
1803.471,1791612096.268383,ux_oauth_refresh_families_current_digest,4,2,17727488,124,25,2138,0,0,18.69,50
1803.471,1791612096.268383,ix_orf_scope_active,4,1,1409024,3,1,170,0,0,78.61,48.82
1803.471,1791612096.268383,ix_orf_client_active,4,1,1376256,3,1,21,0,145,52.4,9.52
1803.471,1791612096.268383,ix_orf_expires,4,2,5963776,121,2,208,0,517,54.22,44.23
1803.471,1791612096.268383,idx_oauth_refresh_families_contract,4,2,1351680,124,3,161,0,0,78.02,47.83
1803.471,1791612096.268383,ix_orf_revoked_cleanup,4,2,6307840,428,3,237,0,529,89.25,0.42
1922.837,1791612215.6343567,security_audit_events_pkey,4,2,27172864,295,3,211,0,3102,18.91,34.12
1922.837,1791612215.6343567,idx_authorization_decision_request,4,2,21233664,124,3,162,0,2426,59.56,17.28
1922.837,1791612215.6343567,idx_authorization_decision_par,4,3,42016768,3685,92,4461,0,575,4.71,49.81
1922.837,1791612215.6343567,idx_security_audit_events_pending_order,4,2,12206080,749,2,1,0,1486,0,0
1922.837,1791612215.6343567,idx_authorization_decision_reclaim,4,2,8716288,412,2,57,0,1004,88.62,0
1922.837,1791612215.6343567,oauth_token_issuances_pkey,4,2,13737984,295,6,1064,0,606,89.95,0.38
1922.837,1791612215.6343567,oauth_token_issuances_tenant_jti_idx,4,2,38387712,124,32,2594,0,2059,90.09,0.12
1922.837,1791612215.6343567,oauth_token_issuances_retention_idx,4,2,21250048,234,10,1368,0,1215,90.04,0.07
1922.837,1791612215.6343567,ix_oauth_token_issuances_tenant_user,4,0,8192,0,0,0,0,0,NaN,NaN
1922.837,1791612215.6343567,oauth_token_issuances_single_use_key_idx,4,2,45850624,124,73,5523,0,0,42.76,49.63
1922.837,1791612215.6343567,pk_oauth_refresh_families,4,2,11681792,190,2,110,0,1313,49.21,0.91
1922.837,1791612215.6343567,ux_oauth_refresh_families_current_digest,4,2,17727488,124,25,2110,0,28,4.76,49.81
1922.837,1791612215.6343567,ix_orf_scope_active,4,1,1409024,3,1,170,0,0,60.67,48.82
1922.837,1791612215.6343567,ix_orf_client_active,4,1,1376256,3,1,26,0,140,35.9,15.38
1922.837,1791612215.6343567,ix_orf_expires,4,2,5963776,121,2,28,0,697,87.13,3.57
1922.837,1791612215.6343567,idx_oauth_refresh_families_contract,4,2,1351680,124,3,161,0,0,19.78,47.83
1922.837,1791612215.6343567,ix_orf_revoked_cleanup,4,2,6307840,428,2,1,0,766,0,0
2042.575,1791612335.3723564,security_audit_events_pkey,4,2,27172864,295,2,1,0,3313,0,0
2042.575,1791612335.3723564,idx_authorization_decision_request,4,2,21233664,124,2,1,0,2588,0,0
2042.575,1791612335.3723564,idx_authorization_decision_par,4,3,42016768,3685,3,1,0,5124,0,0
2042.575,1791612335.3723564,idx_security_audit_events_pending_order,4,2,12206080,749,2,1,0,1486,0,0
2042.575,1791612335.3723564,idx_authorization_decision_reclaim,4,2,8716288,412,2,1,0,1060,0,0
2042.575,1791612335.3723564,oauth_token_issuances_pkey,4,2,13737984,295,4,467,0,1205,89.79,0.43
2042.575,1791612335.3723564,oauth_token_issuances_tenant_jti_idx,4,2,38387712,124,15,1137,0,3533,90.05,0.18
2042.575,1791612335.3723564,oauth_token_issuances_retention_idx,4,2,21250048,234,6,600,0,1987,89.94,0
2042.575,1791612335.3723564,ix_oauth_token_issuances_tenant_user,4,0,8192,0,0,0,0,0,NaN,NaN
2042.575,1791612335.3723564,oauth_token_issuances_single_use_key_idx,4,2,45850624,124,73,5523,0,0,19.2,49.63
2042.575,1791612335.3723564,pk_oauth_refresh_families,4,2,11681792,190,2,110,0,1313,49.21,0.91
2042.575,1791612335.3723564,ux_oauth_refresh_families_current_digest,4,2,17727488,124,25,2110,0,28,4.76,49.81
2042.575,1791612335.3723564,ix_orf_scope_active,4,1,1409024,3,1,170,0,0,60.67,48.82
2042.575,1791612335.3723564,ix_orf_client_active,4,1,1376256,3,1,26,0,140,35.9,15.38
2042.575,1791612335.3723564,ix_orf_expires,4,2,5963776,121,2,28,0,697,87.13,3.57
2042.575,1791612335.3723564,idx_oauth_refresh_families_contract,4,2,1351680,124,3,161,0,0,19.78,47.83
2042.575,1791612335.3723564,ix_orf_revoked_cleanup,4,2,6307840,428,2,1,0,766,0,0
2162.218,1791612455.0151455,security_audit_events_pkey,4,2,27172864,295,2,1,0,3313,0,0
2162.218,1791612455.0151455,idx_authorization_decision_request,4,2,21233664,124,2,1,0,2588,0,0
2162.218,1791612455.0151455,idx_authorization_decision_par,4,3,42016768,3685,3,1,0,5124,0,0
2162.218,1791612455.0151455,idx_security_audit_events_pending_order,4,2,12206080,749,2,1,0,1486,0,0
2162.218,1791612455.0151455,idx_authorization_decision_reclaim,4,2,8716288,412,2,1,0,1060,0,0
2162.218,1791612455.0151455,oauth_token_issuances_pkey,4,2,13737984,295,2,91,0,1583,89.23,0
2162.218,1791612455.0151455,oauth_token_issuances_tenant_jti_idx,4,2,38387712,124,4,221,0,4460,89.72,0
2162.218,1791612455.0151455,oauth_token_issuances_retention_idx,4,2,21250048,234,3,117,0,2473,89.32,0
2162.218,1791612455.0151455,ix_oauth_token_issuances_tenant_user,4,0,8192,0,0,0,0,0,NaN,NaN
2162.218,1791612455.0151455,oauth_token_issuances_single_use_key_idx,4,2,45850624,124,73,5410,0,113,4.47,49.76
2162.218,1791612455.0151455,pk_oauth_refresh_families,4,2,11681792,190,2,110,0,1313,49.21,0.91
2162.218,1791612455.0151455,ux_oauth_refresh_families_current_digest,4,2,17727488,124,25,2110,0,28,4.76,49.81
2162.218,1791612455.0151455,ix_orf_scope_active,4,1,1409024,3,1,170,0,0,60.67,48.82
2162.218,1791612455.0151455,ix_orf_client_active,4,1,1376256,3,1,26,0,140,35.9,15.38
2162.218,1791612455.0151455,ix_orf_expires,4,2,5963776,121,2,28,0,697,87.13,3.57
2162.218,1791612455.0151455,idx_oauth_refresh_families_contract,4,2,1351680,124,3,161,0,0,19.78,47.83
2162.218,1791612455.0151455,ix_orf_revoked_cleanup,4,2,6307840,428,2,1,0,766,0,0
2282.458,1791612575.2547498,security_audit_events_pkey,4,2,27172864,295,2,1,0,3313,0,0
2282.458,1791612575.2547498,idx_authorization_decision_request,4,2,21233664,124,2,1,0,2588,0,0
2282.458,1791612575.2547498,idx_authorization_decision_par,4,3,42016768,3685,3,1,0,5124,0,0
2282.458,1791612575.2547498,idx_security_audit_events_pending_order,4,2,12206080,749,2,1,0,1486,0,0
2282.458,1791612575.2547498,idx_authorization_decision_reclaim,4,2,8716288,412,2,1,0,1060,0,0
2282.458,1791612575.2547498,oauth_token_issuances_pkey,4,2,13737984,295,2,1,0,1673,0,0
2282.458,1791612575.2547498,oauth_token_issuances_tenant_jti_idx,4,2,38387712,124,2,1,0,4682,0,0
2282.458,1791612575.2547498,oauth_token_issuances_retention_idx,4,2,21250048,234,2,1,0,2590,0,0
2282.458,1791612575.2547498,ix_oauth_token_issuances_tenant_user,4,0,8192,0,0,0,0,0,NaN,NaN
2282.458,1791612575.2547498,oauth_token_issuances_single_use_key_idx,4,2,45850624,124,2,1,0,5593,0,0
2282.458,1791612575.2547498,pk_oauth_refresh_families,4,2,11681792,190,2,110,0,1313,49.21,0.91
2282.458,1791612575.2547498,ux_oauth_refresh_families_current_digest,4,2,17727488,124,25,2110,0,28,4.76,49.81
2282.458,1791612575.2547498,ix_orf_scope_active,4,1,1409024,3,1,170,0,0,60.67,48.82
2282.458,1791612575.2547498,ix_orf_client_active,4,1,1376256,3,1,26,0,140,35.9,15.38
2282.458,1791612575.2547498,ix_orf_expires,4,2,5963776,121,2,28,0,697,87.13,3.57
2282.458,1791612575.2547498,idx_oauth_refresh_families_contract,4,2,1351680,124,3,161,0,0,19.78,47.83
2282.458,1791612575.2547498,ix_orf_revoked_cleanup,4,2,6307840,428,2,1,0,766,0,0
