ts,offset_s,pending,oldest_pending_s,db_bytes,decision_eligible,decision_retained,decision_oldest_due_s,family_live,spent_retained,issuance_total,issuance_eligible,issuance_oldest_due_s
1791615059.18065,0.059526681900024414,0,0,12531391,0,0,0,0,0,0,0,0
1791615069.180092,10.058968782424927,31,0.010093,32863935,0,3965,0,4954,0,3962,0,0
1791615079.183522,20.062398672103882,78,0.02717,63256255,0,11968,0,9920,0,11961,0,0
1791615089.183043,30.061919689178467,82,0.026589,95000255,0,19968,0,9920,0,19962,0,0
1791615099.274111,40.15298771858215,65,0.017007,127137471,0,28041,0,9920,0,28036,0,0
1791615109.187193,50.06606960296631,65,0.015492,159110847,0,35971,0,9920,0,35962,0,0
1791615119.196596,60.075472593307495,153,0.054238,179295935,0,43978,0,9920,0,43972,0,0
1791615129.194438,70.07331466674805,76,0.018507,189093567,0,51977,0,9920,0,51971,0,0
1791615139.194882,80.07375860214233,84,0.025768,202495679,0,59977,0,9920,0,59972,0,0
1791615149.191127,90.07000374794006,74,0.027087,229447359,0,67971,0,9920,0,67962,0,0
1791615159.186289,100.06516575813293,51,0.011175,258373311,3964,72006,4.937546,9920,0,75966,0,0
1791615169.189553,110.06842970848083,54,0.009554,290494143,4585,72009,5.731077,9920,0,83970,0,0
1791615179.23874,120.11761665344238,75,0.022548,309655231,12626,72007,15.782026,9920,0,92006,0,0
1791615189.184691,130.06356763839722,126,0.05178,316626623,20584,71998,25.72882,9920,0,99959,0,0
1791615199.187244,140.06612062454224,61,0.01678,324695743,28585,72007,35.731479,9920,0,107967,0,0
1791615209.343835,150.22271180152893,68,0.017579,333493951,36710,72007,45.888087,9920,0,116094,0,0
1791615219.21404,160.09291672706604,61,0.016037,345855679,44606,72008,55.758527,9920,0,123990,0,0
1791615229.198454,170.07733058929443,89,0.02271,368776895,549,72008,0.684685,9920,0,131972,0,0
1791615239.191361,180.07023763656616,105,0.033144,380663487,8544,72009,10.680213,9920,0,139970,0,0
1791615249.188064,190.06694078445435,62,0.012662,386651839,16540,72009,20.673299,9920,0,147965,0,0
1791615260.833962,201.71283864974976,0,0,393049791,25861,70717,32.323907,9920,0,156000,0,0
1791615264.726646,205.60552263259888,0,0,393049791,28975,67603,36.217035,9920,0,156000,0,0
1791615269.187175,210.06605172157288,0,0,393049791,32543,64035,40.677431,9920,0,156000,0,0
1791615279.182362,220.06123876571655,0,0,393049791,40540,56038,50.673667,9920,0,156000,0,0
1791615289.201844,230.08072066307068,0,0,393049791,39850,48024,49.811893,9920,0,156000,0,0
1791615296.79021,237.6690866947174,0,0,366573247,3978,41952,4.972218,9920,0,156000,0,0
1791615296.79021,237.6690866947174,0,0,366573247,3978,41952,4.972218,9920,0,156000,0,0
1791615299.208637,240.08751368522644,0,0,366573247,5913,40017,7.390386,9920,0,156000,0,0
1791615310.042412,250.921288728714,0,0,366573247,14580,31350,18.224279,9920,0,156000,0,0
