ts,offset_s,wal_disk_bytes,db_bytes,pending,checkpoint_num_done,checkpoint_num_timed,checkpoint_sync_time,checkpoint_write_time,checkpoint_stats_reset,checkpoint_slru_written,checkpoint_num_requested,checkpoint_buffers_written,checkpoint_restartpoints_req,checkpoint_restartpoints_done,checkpoint_restartpoints_timed
1791615059.18065,0.059526681900024414,33554432,12531391,0,0,0,34,11,2026-10-10T06:50:22.393648+00:00,3,1,943,0,0,0
1791615069.180092,10.058968782424927,67108864,32863935,31,0,0,34,11,2026-10-10T06:50:22.393648+00:00,3,1,943,0,0,0
1791615079.183522,20.062398672103882,134217728,63256255,78,0,0,34,11,2026-10-10T06:50:22.393648+00:00,3,1,943,0,0,0
1791615089.183043,30.061919689178467,218103808,95000255,82,0,0,34,11,2026-10-10T06:50:22.393648+00:00,3,1,943,0,0,0
1791615099.274111,40.15298771858215,301989888,127137471,65,0,0,34,11,2026-10-10T06:50:22.393648+00:00,3,1,943,0,0,0
1791615109.187193,50.06606960296631,402653184,159110847,65,0,0,34,11,2026-10-10T06:50:22.393648+00:00,3,1,943,0,0,0
1791615119.196596,60.075472593307495,486539264,179295935,153,0,0,34,11,2026-10-10T06:50:22.393648+00:00,3,1,943,0,0,0
1791615129.194438,70.07331466674805,570425344,189093567,76,0,0,34,11,2026-10-10T06:50:22.393648+00:00,3,1,943,0,0,0
1791615139.194882,80.07375860214233,654311424,202495679,84,0,0,34,11,2026-10-10T06:50:22.393648+00:00,3,1,943,0,0,0
1791615149.191127,90.07000374794006,738197504,229447359,74,0,0,34,11,2026-10-10T06:50:22.393648+00:00,3,1,943,0,0,0
1791615159.186289,100.06516575813293,822083584,258373311,51,0,0,34,11,2026-10-10T06:50:22.393648+00:00,3,1,943,0,0,0
1791615169.189553,110.06842970848083,905969664,290494143,54,0,0,34,11,2026-10-10T06:50:22.393648+00:00,3,1,943,0,0,0
1791615179.23874,120.11761665344238,1006632960,309655231,75,0,0,34,11,2026-10-10T06:50:22.393648+00:00,3,1,943,0,0,0
1791615189.184691,130.06356763839722,1073741824,316626623,126,0,0,34,11,2026-10-10T06:50:22.393648+00:00,3,1,943,0,0,0
1791615199.187244,140.06612062454224,1157627904,324695743,61,0,0,34,11,2026-10-10T06:50:22.393648+00:00,3,1,943,0,0,0
1791615209.343835,150.22271180152893,1241513984,333493951,68,0,0,34,11,2026-10-10T06:50:22.393648+00:00,3,1,943,0,0,0
1791615219.21404,160.09291672706604,1325400064,345855679,61,0,0,34,11,2026-10-10T06:50:22.393648+00:00,3,1,943,0,0,0
1791615229.198454,170.07733058929443,1426063360,368776895,89,0,0,34,11,2026-10-10T06:50:22.393648+00:00,3,1,943,0,0,0
1791615239.191361,180.07023763656616,1509949440,380663487,105,0,0,34,11,2026-10-10T06:50:22.393648+00:00,3,1,943,0,0,0
1791615249.188064,190.06694078445435,1593835520,386651839,62,0,0,34,11,2026-10-10T06:50:22.393648+00:00,3,1,943,0,0,0
1791615260.833962,201.71283864974976,1677721600,393049791,0,0,0,34,11,2026-10-10T06:50:22.393648+00:00,3,1,943,0,0,0
1791615269.187175,210.06605172157288,1677721600,393049791,0,0,0,34,11,2026-10-10T06:50:22.393648+00:00,3,1,943,0,0,0
1791615279.182362,220.06123876571655,1677721600,393049791,0,0,0,34,11,2026-10-10T06:50:22.393648+00:00,3,1,943,0,0,0
1791615289.201844,230.08072066307068,1677721600,393049791,0,0,0,34,11,2026-10-10T06:50:22.393648+00:00,3,1,943,0,0,0
1791615299.208637,240.08751368522644,1694498816,366573247,0,0,0,34,11,2026-10-10T06:50:22.393648+00:00,3,1,943,0,0,0
1791615310.042412,250.921288728714,1694498816,366573247,0,0,0,34,11,2026-10-10T06:50:22.393648+00:00,3,1,943,0,0,0
