epoch,app_jif,app_rss_kb,pg_jif,pg_rss_kb,vk_jif,vk_rss_kb,run_jif,run_rss_kb
1789674751,1559244,138516,1045559,4576464,98026,888024,77705,3686072
1789674751,1559244,138516,1045559,4576464,98026,888024,77705,3686072
1789674807,1606065,138552,1084959,4500596,100779,901564,98489,4503116
1789674864,1653199,138612,1124730,4474092,103546,915408,119540,5290596
1789674920,1699635,138492,1163882,4476428,106267,934740,140868,6243524
1789674976,1746499,138556,1203531,4478892,109018,954768,162485,7059060
1789675031,1790903,138592,1241179,4481480,111628,973896,183286,7865168
1789675087,1838313,138604,1280803,4486296,114420,994896,204919,8646072
1789675142,1883163,138608,1318220,4489208,117039,1014648,226522,9676788
1789675198,1930328,138524,1357531,4491508,119802,1035436,249537,10400488
1789675254,1975994,138552,1395603,4493804,122474,1055840,271398,11202688
1789675311,2022071,138560,1433911,4495308,125172,1076400,293982,12264168
1789675367,2067750,138564,1472245,4646952,127838,1097756,315197,12993404
1789675424,2113744,138572,1510752,4498784,130525,1119040,337148,13720636
1789675479,2158585,138572,1549219,4650484,133185,1139468,359308,14504772
1789675534,2202517,138528,1586736,4649044,135771,1159852,381719,15458756
1789675590,2248190,138552,1625756,4576700,138475,1180652,405160,16309968
1789675647,2293480,138488,1663947,4537776,141148,1201352,426282,16869028
1789675703,2338962,138496,1702142,4508356,143837,1222632,450686,17838068
1789675759,2384588,138492,1740456,4510612,146523,1243804,472781,18651476
1789675814,2428831,138544,1777655,4512124,149137,1264548,494844,19347792
1789675870,2474061,138608,1816071,4512888,151991,1318160,517810,20070048
1789675927,2520332,138520,1855776,4514212,154738,1338868,544393,21148308
1789675984,2566357,138552,1894723,4517344,157443,1359752,568433,21974680
1789676040,2612901,138568,1933821,4519024,160184,1381060,592861,22800192
1789676096,2658601,138596,1972686,4673892,162870,1401892,613879,23527992
1789676151,2702145,138544,2009297,4521728,165403,1421648,638068,24594124
1789676206,2746514,138516,2047271,4673072,168012,1441996,662826,25538956
1789676262,2792210,138604,2086119,4706144,170701,1462888,684735,26081652
1789676317,2836271,138556,2123468,4672780,173298,1483144,710328,27108052
1789676374,2881937,138600,2162393,4644988,175976,1503988,737030,28076540
1789676429,2926468,138548,2200307,4564364,178593,1524520,759447,29313992
1789676485,2971959,138512,2238783,4532912,181267,1545300,786744,29901352
1789676540,3016457,138520,2276246,4534860,183900,1565712,809472,30456076
1789676596,3062317,138492,2314879,4536088,186590,1586596,832990,31057376
1789676651,3105815,138560,2351876,4536572,189145,1606324,860626,32149124
1789676707,3151203,138608,2390464,4538252,191816,1627052,884572,32677496
1789676764,3197369,138600,2429739,4538996,194537,1648160,909118,33394632
1789676820,3243075,138600,2468575,4542148,197234,1669124,933640,34005060
1789676875,3287030,138572,2505576,4543916,199830,1689192,962600,35141516
1789676931,3333166,138564,2544513,4693620,202553,1710328,987534,36111736
1789676988,3379138,138520,2583067,4546340,205251,1731244,1011748,36847576
1789677045,3425023,138556,2621815,4695740,207950,1752304,1035790,37518796
1789677101,3470178,138524,2660051,4691808,210625,1772996,1059544,38266908
1789677158,3516318,138560,2699087,4692008,213342,1793972,1083716,39017944
1789677215,3561365,138548,2737096,4657872,216000,1814764,1113619,40208300
1789677272,3607679,138604,2775938,4587784,218737,1836136,1137575,40967532
1789677328,3653126,138596,2814422,4587312,221404,1856748,1161389,41760688
1789677383,3696946,138572,2851449,4554180,223994,1876856,1184778,42564960
1789677438,3740985,138548,2889008,4554676,226606,1897016,1208488,43371776
1789677494,3787000,138604,2927852,4555424,229317,1918132,1232993,44112900
1789677549,3830536,138596,2964600,4556596,231872,1938456,1256836,45317960
1789677605,3876323,138552,3003039,4557868,234581,1960232,1281668,46328776
1789677662,3921536,138564,3040960,4559276,237234,1981844,1306128,47369912
1789677718,3968268,138612,3080345,4561092,239980,2004100,1324285,47433840
1789677775,4013511,138568,3118785,4741024,242657,2025620,1349531,48502036
1789677832,4059660,138496,3157653,4562744,245377,2047604,1375492,49542160
1789677888,4105748,138508,3196590,4598220,248089,2069308,1401383,50508768
1789677943,4148726,138496,3233140,4563972,250629,2089564,1426578,51363568
1789677998,4192061,138580,3270509,4564972,253203,2109788,1452108,52414116
1789678054,4237638,138544,3309377,4566172,255898,2131276,1470124,52547896
1789678111,4282964,138556,3348173,4567396,258598,2152580,1496641,53263428
1789678168,4328401,138548,3387040,4568556,261301,2174080,1523494,54306740
1789678224,4373903,138588,3425881,4569316,264010,2195468,1550462,55330940
1789678281,4419158,138540,3464676,4570340,266717,2216868,1577706,56834340
1789678337,4465799,138580,3504712,4571936,269486,2238728,1596358,56861352
1789678392,4509846,138536,3542602,4721632,272098,2259336,1623223,57935144
1789678448,4555418,138472,3581456,4720892,274808,2280684,1651110,58956440
1789678505,4601502,138556,3620901,4717316,277562,2302480,1679129,60046164
1789678561,4647342,138508,3660155,4721416,280298,2324364,1698317,60017756
1789678616,4691291,138428,3698506,4687052,282908,2345112,1726184,61145692
1789678671,4735121,138468,3736692,4611072,285515,2365720,1754170,62222376
1789678727,4781351,138444,3776927,4602004,288289,2387864,1773243,62222888
1789678782,4824293,138340,3814424,4575832,290868,2408092,1801672,63240064
1789678837,4867916,138320,3852352,4576680,293469,2428572,1830205,64404644
1789678894,4912826,138316,3891162,4577168,296436,2547384,1849251,64706284
1789678951,4957868,138240,3930507,4578916,299193,2535468,1878972,65563416
1789679007,5003429,138324,3969381,4579928,301878,2556324,1898070,66761536
1789679063,5048162,138324,4007735,4580572,304525,2576656,1928129,66975200
1789679120,5092854,138232,4046328,4580716,307176,2596964,1958334,68192720
1789679176,5139202,138316,4085815,4581292,309924,2619624,1977924,68192488
1789679233,5184079,138212,4124691,4731444,312615,2642516,2008106,71298868
1789679288,5227731,138240,4162001,4761712,315201,2664432,2038083,71343124
1789679344,5273668,138288,4201897,4729052,317931,2687796,2057610,71343988
1789679401,5318093,138316,4240470,4695656,320568,2708728,2087738,72659760
1789679457,5363544,138284,4280001,4668924,323256,2731316,2106313,72809880
1789679512,5406044,135480,4316956,4587784,325785,2752908,2135871,73886176
1789679568,5451607,135480,4356467,4578984,328480,2775604,2154392,74644040
1789679623,5494445,135516,4394010,4552252,331020,2796784,2184009,75294348
1789679680,5539565,135472,4433056,4553704,333699,2818956,2214560,76646356
1789679736,5584954,135544,4472027,4554476,336391,2841372,2232911,76661720
1789679791,5628154,135504,4509236,4554992,338986,2862656,2262981,78049456
1789679847,5673697,135496,4548248,4555632,341698,2886204,2281406,78048556
1789679902,5717041,135456,4585583,4555868,344299,2908052,2311636,79425156
1789679958,5763171,135552,4625084,4556440,347039,2931748,2330074,79424736
1789680015,5807910,135468,4664220,4704724,349719,2953848,2361453,80963876
1789680071,5853491,134480,4703546,4701920,352438,2976848,2379897,80960716
1789680126,5895992,134504,4740402,4552692,354967,2997836,2410342,82213516
1789680182,5942353,134512,4780873,4695056,357732,3021900,2428904,82186888
1789680237,5984732,134540,4818119,4601344,360261,3042404,2460424,83693752
1789680293,6030584,134536,4858025,4591800,362976,3064860,2478912,83692596
1789680348,6073861,133644,4895893,4581480,365545,3085964,2510836,85368204
1789680404,6119549,131812,4936296,4434604,368264,3104240,2529544,87720580
1789680459,6162371,121980,4973916,4439240,370809,3124736,2561347,87695300
1789680516,6208869,121964,5014372,4439584,373574,3147396,2580128,87718700
1789680571,6251541,121972,5051878,4440408,376105,3167560,2612325,89427584
1789680601,6276492,122004,5073745,4564600,377588,3179488,2622492,89426232
1789680603,6278229,121972,5075264,4581340,377689,3180364,2623251,89425112
1789680606,6280094,121932,5076902,4585504,377800,3181208,2624068,89399568
1789680608,6282020,122016,5078636,4585608,377917,3182132,2624816,89426120
1789680611,6283879,121952,5080270,4585612,378028,3183024,2625625,89425612
1789680613,6285635,121964,5081818,4589448,378135,3183840,2626297,89426400
1789680615,6287416,121960,5083394,4589380,378239,3184688,2627062,89399532
1789680618,6289289,121960,5084804,4440980,378349,3185624,2627868,89426284
1789680620,6291149,121968,5086434,4440784,378462,3186536,2628571,89426680
1789680622,6293017,121976,5088061,4440844,378574,3187364,2629382,89399560
1789680625,6294878,121908,5089690,4440700,378684,3188384,2630099,89458744
1789680627,6296815,122016,5091365,4440836,378796,3189236,2630872,89489000
1789680629,6298753,121972,5093056,4440912,378915,3190220,2631716,89491228
1789680632,6300746,121972,5094764,4440848,379032,3191020,2632423,89589088
1789680634,6302700,121972,5096464,4440828,379148,3192020,2633247,89616144
1789680636,6304633,121960,5098164,4440844,379263,3193068,2634054,89619080
1789680639,6306584,122024,5099823,4441056,379376,3194132,2634820,89592532
1789680641,6308505,121960,5101519,4440852,379490,3195052,2635639,89624184
1789680643,6310466,122012,5103214,4440924,379609,3196204,2636400,89640096
1789680646,6312400,121932,5104913,4440772,379726,3197024,2637257,89666040
1789680648,6314387,122020,5106663,4469208,379843,3198076,2638067,89914636
1789680651,6316300,121904,5108461,4478600,379959,3199000,2638837,90782420
1789680653,6317387,121972,5109488,4479444,380020,3199304,2653055,91182904
1789680656,6319132,121916,5111142,4512888,380126,3200092,2654565,91193072
1789680658,6320969,121868,5112796,4515556,380236,3201020,2655637,91221012
1789680661,6322782,121864,5114343,4515632,380341,3201728,2656615,91220608
1789680663,6324525,121904,5115779,4440904,380444,3202552,2657408,91202008
1789680665,6326437,121916,5117465,4441064,380558,3203472,2658245,91190608
1789680668,6328334,121900,5119124,4440912,380671,3204204,2658981,91217144
1789680670,6330272,121880,5120828,4440936,380785,3205116,2659838,91218796
1789680672,6332208,121884,5122510,4440728,380899,3206128,2660629,91190664
1789680675,6334097,121900,5124146,4440860,381010,3207028,2661395,91218152
1789680677,6335964,121844,5125799,4441124,381124,3207852,2662216,91218692
1789680679,6337826,121908,5127420,4440752,381234,3208716,2662946,91190532
1789680682,6339725,121872,5129114,4440936,381349,3209588,2663780,91216756
1789680684,6341640,121876,5130790,4440808,381465,3210452,2664601,91216924
1789680686,6343586,121904,5132511,4440696,381582,3211424,2665362,91217232
1789680689,6345485,121916,5134145,4440964,381695,3212148,2666179,91190616
1789680691,6347401,121904,5135828,4440788,381810,3213064,2666924,91215480
1789680694,6349339,121880,5137542,4440824,381925,3214080,2667761,91216796
1789680696,6351307,121908,5139258,4440736,382045,3214984,2668600,91190568
1789680698,6353219,121844,5140932,4440856,382156,3216044,2669326,91218200
1789680701,6355133,121916,5142607,4440860,382269,3216928,2670144,91216020
1789680703,6357077,121824,5144284,4440748,382379,3217908,2670893,91190720
1789680705,6359054,121900,5146011,4440856,382498,3218788,2671721,91190644
1789680708,6360937,121924,5147672,4467996,382612,3219772,2672546,91218112
1789680710,6362877,121900,5149418,4479228,382725,3220604,2673279,91218856
1789680712,6364747,121904,5151107,4507828,382836,3221564,2674089,91190688
1789680715,6366645,121856,5152816,4530288,382946,3222376,2674833,91214552
1789680717,6368544,121860,5154537,4555652,383062,3223260,2675629,91215704
1789680719,6370412,121856,5156203,4570528,383174,3224228,2676434,91188524
1789680722,6372275,121904,5157865,4577404,383282,3225036,2677164,91188424
1789680724,6374093,121868,5159493,4581532,383388,3225884,2677960,91213940
1789680726,6375950,121856,5161168,4585936,383500,3226792,2678744,91216316
1789680729,6377840,121872,5162864,4585832,383611,3227628,2679499,91188300
1789680731,6379654,121876,5164500,4585776,383717,3228452,2680287,91215808
1789680734,6381467,121860,5166119,4585628,383826,3229284,2681004,91216000
1789680736,6383290,121880,5167478,4439376,383933,3230120,2681802,91188304
1789680738,6385171,121856,5169146,4439440,384043,3230976,2682603,91214576
1789680741,6387056,121848,5170791,4439612,384156,3231976,2683347,91215456
1789680743,6388982,121876,5172485,4439536,384271,3232956,2684180,91214684
1789680745,6390926,121796,5174171,4439440,384383,3233868,2684918,91188336
1789680748,6392803,121856,5175798,4439572,384495,3234744,2685719,91214904
1789680750,6394739,121848,5177491,4439484,384611,3235644,2686545,91214892
1789680752,6396669,121864,5179176,4439536,384726,3236876,2687300,91188412
1789680755,6398553,121832,5180853,4439588,384837,3237780,2688108,91215292
1789680757,6400500,121772,5182537,4439700,384949,3238708,2688869,91220316
1789680759,6402431,121796,5184237,4439500,385065,3239656,2689711,91218556
1789680762,6404396,121860,5185952,4439492,385179,3240644,2690548,91196004
1789680764,6406336,121860,5187651,4439672,385296,3241684,2691302,91225332
1789680766,6408283,121816,5189352,4439444,385414,3242648,2692128,91242448
1789680769,6410165,121824,5191019,4471016,385523,3243432,2692873,91246708
1789680771,6412018,121800,5192755,4479108,385636,3244368,2693699,92056468
1789680773,6413839,121776,5194435,4479216,385744,3245332,2694523,92864340
1789680776,6415360,121776,5195835,4481204,385838,3245792,2699636,93465096
1789680778,6416953,120440,5197409,4499584,385939,3246512,2705467,94032636
1789680781,6418720,120380,5199096,4542904,386050,3247144,2709564,94621172
1789680783,6420513,120332,5200712,4568260,386159,3247940,2710643,94645088
1789680785,6422315,120300,5202334,4591364,386267,3248808,2711718,94617712
1789680788,6424127,120348,5203993,4580848,386377,3249656,2712723,94643704
1789680790,6425988,120284,5205747,4580808,386489,3250480,2713561,94644700
1789680793,6427845,120312,5207373,4581076,386597,3251344,2714301,94616528
1789680795,6429668,120312,5209011,4581096,386705,3252116,2715048,94616468
1789680797,6431416,120312,5210619,4589236,386806,3252832,2715805,94644408
1789680800,6433137,120304,5212219,4589168,386911,3253660,2716504,94644796
1789680802,6434861,120312,5213721,4589112,387012,3254576,2717267,94616528
1789680804,6436642,120308,5215313,4589300,387120,3255516,2718033,94644892
1789680807,6438416,120392,5216894,4589112,387227,3256436,2718744,94643008
1789680809,6440137,120344,5218446,4586804,387329,3257148,2719501,94616520
1789680811,6441974,120352,5219740,4437640,387442,3258072,2720248,94644296
1789680814,6443874,120348,5221418,4437804,387555,3258952,2721072,94644304
1789680816,6445809,120316,5223088,4437872,387673,3259992,2721923,94643140
1789680818,6447792,120308,5224824,4437656,387787,3260928,2722688,94616504
1789680821,6449682,120308,5226464,4437708,387898,3261788,2723493,94643684
1789680823,6451602,120304,5228141,4437784,388013,3262644,2724233,94642116
1789680825,6453509,120360,5229795,4437772,388124,3263592,2725047,94616564
1789680828,6455384,120280,5231496,4465724,388233,3264404,2725844,94645652
1789680830,6457227,120304,5233188,4476172,388344,3265288,2726554,94642964
1789680832,6459063,120312,5234818,4477208,388453,3266088,2727360,94643640
1789680835,6460893,120360,5236434,4477224,388562,3267084,2728078,94616436
1789680837,6462652,120304,5238070,4489140,388669,3267848,2728848,94642960
1789680840,6464519,120300,5239731,4511204,388779,3268752,2729648,94644140
1789680842,6466403,120308,5241402,4511368,388889,3269488,2730379,94616432
1789680844,6468264,120352,5243085,4511096,388999,3270424,2731178,94643436
1789680847,6470122,120384,5244602,4438316,389111,3271268,2731930,94642708
1789680849,6472011,120336,5246221,4438056,389223,3272132,2732708,94616512
1789680851,6473927,120304,5247894,4438140,389333,3272892,2733508,94616460
1789680854,6475795,120388,5249532,4438120,389447,3273916,2734259,94644480
1789680856,6477716,120308,5251219,4449648,389561,3274760,2735083,94641804
1789680858,6479635,120308,5252883,4438268,389674,3275672,2735910,94616460
1789680861,6481514,120360,5254535,4438116,389785,3276532,2736661,94644052
1789680863,6483387,120344,5256186,4438200,389897,3277408,2737478,94643800
1789680865,6485309,120356,5257877,4438292,390014,3278284,2738216,94643152
1789680868,6487234,120304,5259568,4438128,390129,3279144,2739035,94616408
1789680870,6489157,120332,5261240,4438152,390239,3279932,2739852,94643584
1789680872,6491030,120360,5262873,4438228,390351,3280756,2740576,94644340
1789680875,6492903,120340,5264511,4438120,390465,3281740,2741393,94616500
1789680877,6494805,120388,5266188,4438192,390577,3282644,2742142,94644136
1789680879,6496763,120360,5267912,4438188,390694,3283532,2742962,94643096
1789680882,6498664,120336,5269591,4438196,390813,3284496,2743799,94643028
1789680884,6500605,120380,5271286,4438312,390929,3285520,2744548,94619268
1789680887,6502498,120352,5272947,4438324,391042,3286468,2745364,94652608
1789680889,6504350,120316,5274678,4469672,391151,3287472,2746067,94674504
1789680891,6506244,120344,5276452,4493252,391266,3288376,2746894,94644584
1789680894,6508139,120280,5278189,4499100,391379,3289004,2747677,94678056
1789680896,6509979,120220,5279847,4524708,391490,3289844,2748374,94685904
1789680898,6511815,120268,5281462,4546156,391603,3290880,2749182,94667284
1789680901,6513647,120192,5283104,4562652,391716,3291724,2750582,94677004
1789680903,6515372,120220,5284725,4571100,391824,3292508,2755364,95137420
1789680906,6519326,123828,5286611,4452444,392132,3291320,2774997,95711268
1789680916,6523088,126144,5287785,4454980,392728,3291968,2796627,95714904
1789680927,6527076,125084,5288986,4459448,393320,3291392,2811593,95716392
1789680939,6529809,126096,5289832,4469652,393832,3291308,2829570,95732760
1789680949,6533091,125612,5291238,4473644,394382,3291312,2854524,95736024
1789680962,6536486,125128,5291957,4485492,394848,3291416,2875879,95735896
1789680973,6539601,126128,5293042,4489588,395507,3291168,2897549,95736084
1789680985,6544281,126200,5295164,4493136,396242,3291348,2930901,95735968
1789681002,6550062,126100,5296768,4488072,396882,3291336,2955345,95735836
1789681015,6555462,125204,5359641,4647568,409388,3291344,3222339,65700
1789681220,6926958,126224,5353627,4653016,409389,3291432,3222339,44224
1789681223,6927239,126268,5353731,4652980,409389,3291296,3222340,70816
1789681225,6927518,126300,5353792,4653436,409390,3291372,,
1789681227,6927776,126232,5353813,4655600,409391,3293252,,
1789681229,6928023,126264,5353832,4655856,409392,3293244,,
1789681232,6928275,126212,5353849,4703756,409392,3293204,,
1789681234,6928529,126196,5335221,4477168,409393,3294508,,
1789681236,6928547,126224,5335225,4477052,409394,3294428,,
1789681238,6928548,126312,5335226,4477288,409395,3294484,,
1789681241,6928549,126268,5335226,4477308,409395,3294532,,
1789681243,6928550,126276,5335228,4477380,409396,3294508,,
1789681245,6928552,126252,5335230,4477592,409396,3294404,,
1789681247,6928553,126264,5335231,4477508,409397,3294524,,
1789681249,6928554,126252,5335232,4478032,409398,3294496,,
1789681252,6928555,126224,5335233,4477932,409398,3294480,,
1789681254,6928556,126300,5335233,4478100,409399,3294380,,
1789681256,6928558,126216,5335233,4478092,409400,3294440,,
1789681258,6928559,126220,5335234,4478088,409400,3294444,,
1789681260,6928560,126272,5335234,4478088,409401,3294524,,
1789681263,6928561,126260,5335234,4477972,409402,3294492,,
1789681265,6928562,126200,5335236,4478092,409402,3294468,,
1789681267,6928563,126276,5335238,4478072,409403,3294500,,
1789681269,6928564,126252,5335240,4478056,409404,3294432,,
1789681271,6928566,126216,5335240,4478024,409404,3294484,,
1789681274,6928567,126276,5335240,4478240,409405,3294508,,
1789681276,6928568,126256,5335241,4478160,409406,3294488,,
1789681278,6928569,126268,5335243,4478824,409406,3294460,,
1789681280,6928570,126300,5335244,4478784,409407,3294432,,
1789681283,6928572,126268,5335244,4480612,409407,3294476,,
1789681285,6928573,126308,5335244,4480624,409408,3294488,,
1789681287,6928574,126220,5335244,4480672,409408,3294436,,
1789681289,6928575,126256,5335247,4480680,409409,3294484,,
1789681291,6928576,126200,5335248,4480620,409409,3294372,,
1789681294,6928577,126300,5335249,4480612,409410,3294380,,
1789681296,6928578,126272,5335251,4480560,409410,3294436,,
1789681298,6928580,126228,5335252,4480624,409411,3294448,,
1789681300,6928581,126224,5335254,4480688,409412,3294524,,
1789681302,6928582,126196,5335254,4480540,409413,3294388,,
1789681305,6928582,126224,5335254,4480652,409413,3294472,,
1789681307,6928584,126224,5335254,4480640,409414,3294464,,
1789681309,6928586,126228,5335256,4480700,409415,3294472,,
1789681311,6928587,126224,5335256,4480836,409415,3294500,,
1789681313,6928588,126268,5335256,4480720,409416,3294472,,
1789681316,6928589,126268,5335256,4480808,409417,3294368,,
1789681318,6928591,126228,5335260,4480876,409417,3294424,,
1789681320,6928592,126304,5335260,4480816,409418,3294516,,
1789681322,6928593,126312,5335261,4480724,409418,3294456,,
1789681324,6928594,126256,5335261,4480828,409419,3294500,,
1789681327,6928595,126272,5335262,4480876,409420,3294356,,
1789681329,6928597,126228,5335262,4480856,409420,3294368,,
1789681331,6928598,126248,5335263,4480860,409421,3294496,,
1789681333,6928599,126212,5335264,4480880,409421,3294448,,
1789681336,6928600,126308,5335264,4480928,409422,3294456,,
1789681338,6928601,126232,5335266,4480904,409422,3294436,,
1789681340,6928603,126268,5335267,4480912,409423,3294388,,
1789681342,6928604,126228,5335267,4481028,409424,3294456,,
1789681344,6928605,126304,5335267,4480992,409424,3294476,,
1789681347,6928606,126224,5335268,4480948,409425,3294508,,
1789681349,6928607,126216,5335270,4481060,409425,3294508,,
1789681351,6928608,126252,5335271,4480912,409426,3294520,,
1789681353,6928610,126280,5335271,4481156,409427,3294508,,
1789681355,6928611,126248,5335271,4481136,409427,3294408,,
1789681358,6928612,126228,5335271,4481124,409428,3294444,,
1789681360,6928613,126256,5335273,4481232,409428,3294400,,
1789681362,6928614,126196,5335273,4481128,409429,3294448,,
1789681364,6928615,126256,5335273,4481224,409429,3294492,,
1789681367,6928617,126252,5335273,4481192,409430,3294480,,
1789681369,6928618,126196,5335274,4481208,409431,3294476,,
1789681371,6928619,126304,5335274,4481144,409431,3294356,,
1789681373,6928620,126260,5335275,4481152,409432,3294496,,
1789681375,6928622,126228,5335278,4481272,409432,3294464,,
1789681378,6928623,126276,5335278,4481196,409433,3294448,,
1789681380,6928624,126276,5335281,4481260,409433,3294380,,
1789681382,6928625,126308,5335281,4481292,409433,3294360,,
1789681384,6928626,126196,5335282,4481304,409434,3294504,,
1789681386,6928627,126264,5335285,4481200,409435,3294468,,
1789681389,6928628,126268,5335286,4481260,409435,3294528,,
1789681391,6928630,126228,5335288,4481276,409436,3294448,,
1789681393,6928631,126272,5335288,4481268,409436,3294480,,
1789681395,6928632,126260,5335288,4481288,409437,3294464,,
1789681398,6928633,126256,5335289,4481304,409438,3294516,,
1789681400,6928634,126224,5335290,4481588,409438,3294496,,
1789681402,6928636,126276,5335292,4481524,409439,3294484,,
1789681404,6928637,126276,5335292,4481580,409439,3294484,,
1789681406,6928638,126252,5335293,4481616,409440,3294500,,
1789681409,6928639,126260,5335294,4481480,409440,3294492,,
1789681411,6928640,126268,5335295,4481592,409441,3294432,,
1789681413,6928641,126260,5335297,4481584,409442,3294492,,
1789681415,6928642,126216,5335297,4481616,409442,3294328,,
1789681417,6928644,126264,5335299,4481600,409443,3294388,,
1789681420,6928645,126312,5335302,4481472,409443,3294480,,
1789681422,6928646,126280,5335303,4481620,409444,3294444,,
1789681424,6928648,126228,5335303,4481536,409445,3294492,,
1789681426,6928649,126228,5335304,4481588,409445,3294440,,
1789681428,6928650,126256,5335304,4481548,409446,3294500,,
1789681431,6928651,126216,5335304,4481632,409446,3294372,,
1789681433,6928652,126228,5335307,4481568,409447,3294368,,
1789681435,6928654,126276,5335309,4481556,409447,3294464,,
1789681437,6928655,126256,5335310,4481592,409448,3294368,,
1789681440,6928656,126220,5335310,4481608,409448,3294468,,
1789681442,6928657,126268,5335310,4481472,409449,3294500,,
1789681444,6928658,126300,5335312,4481488,409449,3294480,,
1789681446,6928659,126308,5335313,4481628,409450,3294476,,
1789681448,6928660,126224,5335313,4481576,409450,3294340,,
1789681451,6928662,126220,5335313,4481608,409451,3294452,,
1789681453,6928663,126256,5335313,4481600,409451,3294500,,
1789681455,6928664,126268,5335314,4481588,409452,3294464,,
1789681457,6928665,126280,5335314,4481588,409452,3294412,,
1789681459,6928667,126224,5335315,4481812,409453,3294396,,
1789681462,6928668,126256,5335317,4481796,409454,3294352,,
1789681464,6928669,126304,5335319,4481684,409454,3294460,,
1789681466,6928670,126300,5335319,4481824,409455,3294424,,
1789681468,6928672,126312,5335319,4481788,409455,3294480,,
1789681470,6928673,126220,5335319,4481832,409456,3294368,,
1789681473,6928674,126212,5335319,4481840,409457,3294444,,
1789681475,6928675,126220,5335319,4481820,409457,3294492,,
1789681477,6928676,126300,5335319,4481804,409458,3294416,,
1789681479,6928678,126300,5335319,4481812,409458,3294496,,
1789681482,6928679,126264,5335319,4481804,409459,3294468,,
1789681484,6928680,126276,5335320,4481692,409459,3294444,,
1789681486,6928681,126200,5335320,4481748,409460,3294436,,
1789681488,6928683,126268,5335322,4482008,409460,3294460,,
1789681490,6928684,126228,5335323,4481996,409461,3294460,,
1789681493,6928685,126312,5335324,4481992,409461,3294436,,
1789681495,6928686,126220,5335325,4482000,409462,3294516,,
1789681497,6928687,126228,5335325,4481972,409462,3294460,,
1789681499,6928689,126224,5335325,4481992,409463,3294444,,
1789681552,6928718,126308,5335352,4482384,409474,3294468,,
1789681608,6928747,126224,5335373,4482828,409486,3294504,,
1789681663,6928776,126228,5335403,4483248,409495,3294488,,
1789681719,6928806,126252,5338832,4807728,409618,3301932,45,64088
1789681775,6928833,126308,5344478,4807832,409627,3301952,46,64064
1789681832,6938459,126264,5345139,4519932,410298,3308276,5187,376252
