ts,db_bytes,pending,oldest_pending_s,decision_eligible,decision_retained,family_eligible,family_live,contract_orphan,spent_eligible,spent_retained,anchor
1791510605.273198,12490431,0,0,0,0,0,0,0,0,0,0
1791510614.841454,15546047,0,0,0,0,0,992,0,0,0,0
1791510621.016844,15808191,50,1.382551,0,17,0,1005,0,0,8,0
1791510627.355025,25761471,130,0.287623,0,1479,0,2273,0,0,602,4917
1791510633.763976,33666751,149,0.478914,0,2486,0,3348,0,0,2079,11143
1791510640.00758,40788495,130,0.432483,0,3453,9,4252,0,2,3387,16777
1791510646.049842,44005055,83,0.229776,0,4449,32,5214,0,21,4696,22631
1791510652.204452,49157823,181,0.356632,0,5438,90,6147,0,39,6115,28403
1791510658.549836,56227519,135,0.205551,0,6514,198,7119,0,58,7507,34807
1791510664.876763,64100031,96,0.275662,0,7483,356,7969,0,86,8873,40995
1791510671.140674,71579327,174,0.253095,0,8410,575,8648,0,124,10153,46751
1791510677.373219,81032895,145,0.212707,0,9547,1042,9306,0,263,11512,53794
1791510683.975112,89315007,235,0.483805,0,10477,1624,9680,0,557,12531,59931
1791510690.378816,97629887,117,0.294766,0,11493,1821,9942,148,847,13250,66672
1791510696.914305,106084031,62,0.349071,0,12475,175,10097,46,101,13582,73404
1791510703.474344,111015615,246,0.443146,0,13449,1061,10176,46,787,13822,79937
1791510709.781145,112948927,105,0.314468,2,14605,2172,10219,46,1690,13960,87836
1791510716.082501,115447487,64,0.401988,1305,14331,3186,10232,46,2586,14047,94970
1791510722.486261,119027391,141,0.227171,2413,14257,4221,10238,46,3571,14025,102099
1791510728.880612,125056703,155,0.411394,3415,14541,5472,10239,46,4791,14038,110895
1791510735.04596,131749567,230,0.25926,4408,14504,6460,10240,46,5780,13902,117352
1791510741.438621,141375167,138,0.32675,5439,14682,7635,10240,46,6857,13966,125810
1791510748.203173,147404479,71,0.073526,6564,14036,8323,10240,46,7357,13689,131739
1791510754.775826,152123071,122,0.15441,7593,13260,8576,10240,46,7411,13688,136682
1791510761.325124,156612287,150,0.195256,2408,12536,2709,10240,4,2043,13687,141162
1791510767.831394,157169343,52,0.036873,857,11602,185,10240,0,39,13688,146257
1791510774.228499,158160575,57,0.071304,1794,10771,296,10240,0,55,13688,150498
1791510780.280353,158217919,0,0,2760,9805,296,10240,0,55,13688,151217
