ts,phase,formal,pending,oldest_pending_s,family_eligible,family_live,contract_orphan,decision_eligible,decision_retained,spent_eligible,spent_retained,db_bytes
1791445537.703551,,False,0,0,0,0,0,0,0,0,0,12498623
1791445543.511992,,False,0,0,0,992,0,0,0,0,0,15521471
1791445548.641075,,False,195,0.178352,470,1105,0,0,1160,0,0,22460095
1791445553.79533,,False,66,0.240051,2567,1231,0,0,3243,0,0,33683135
1791445558.953216,,False,161,0.260519,4769,1323,0,0,5395,0,0,44766911
1791445564.120546,,True,138,0.146133,7409,1141,0,0,8040,0,0,58234559
1791445569.270439,,True,114,0.240808,9750,1244,0,0,10357,0,0,70096575
1791445574.451148,,True,169,0.164181,6709,1200,0,0,12545,0,0,81008319
1791445579.60576,,True,121,0.216881,2764,1153,0,0,14782,0,0,92264127
1791445584.760401,,True,88,0.229687,559,1205,51,0,17139,0,0,104404671
1791445589.895381,,True,155,0.273002,2895,1285,0,0,19379,0,0,107968191
1791445595.08072,,True,69,0.174376,5431,1116,0,0,21872,0,0,111654591
1791445600.272109,,True,134,0.157237,8172,1225,0,0,24612,0,0,121558719
1791445605.554702,,True,174,0.306484,10714,1213,0,0,27233,0,0,131872447
1791445610.730965,,True,38,0.222646,13369,1128,0,0,29755,0,0,142218943
1791445615.881333,,True,136,0.177625,16048,1298,0,0,32543,0,0,154498751
1791445621.055567,,True,63,0.200671,18522,1180,0,0,34978,0,0,166418111
1791445626.21093,,False,0,0,19838,992,0,0,35742,0,0,171030207
1791445631.391385,,False,0,0,19838,992,0,0,35742,0,0,171030207
1791445633.071713,post_drain,False,0,0,19838,992,0,0,35742,0,0,171030207
