offset_s,ts,relation,table_len,tuple_count,tuple_len,tuple_percent,dead_tuple_count,dead_tuple_len,dead_tuple_percent,free_space,free_percent
2.148,1791612781.7012806,oauth_token_issuances,0,0,0,0,0,0,0,0,0
2.148,1791612781.7012806,security_audit_events,0,0,0,0,0,0,0,0,0
2.148,1791612781.7012806,oauth_refresh_families,0,0,0,0,0,0,0,0,0
2.148,1791612781.7012806,security_audit_chain_entries,0,0,0,0,0,0,0,0,0
122.381,1791612901.9346848,oauth_token_issuances,0,0,0,0,0,0,0,0,0
122.381,1791612901.9346848,security_audit_events,136249344,1655,993000,0.73,20518,12310800,9.04,122335988,89.79
122.381,1791612901.9346848,oauth_refresh_families,245760,992,230144,93.65,0,0,0,10928,4.45
122.381,1791612901.9346848,security_audit_chain_entries,23986176,256,29184,0.12,2799,319086,1.33,23389300,97.51
242.571,1791613022.1242418,oauth_token_issuances,0,0,0,0,0,0,0,0,0
242.571,1791613022.1242418,security_audit_events,136249344,13075,7845000,5.76,18672,11203200,8.22,116561180,85.55
242.571,1791613022.1242418,oauth_refresh_families,245760,992,230144,93.65,0,0,0,10928,4.45
242.571,1791613022.1242418,security_audit_chain_entries,20307968,256,29184,0.14,2405,274170,1.35,19805988,97.53
362.343,1791613141.8961504,oauth_token_issuances,0,0,0,0,0,0,0,0,0
362.343,1791613141.8961504,security_audit_events,144793600,20764,12458400,8.6,19375,11625000,8.03,120008904,82.88
362.343,1791613141.8961504,oauth_refresh_families,245760,992,230144,93.65,0,0,0,10928,4.45
362.343,1791613141.8961504,security_audit_chain_entries,23830528,0,0,0,2802,319428,1.34,23293920,97.75
482.723,1791613262.2766922,oauth_token_issuances,0,0,0,0,0,0,0,0,0
482.723,1791613262.2766922,security_audit_events,152199168,29507,17704200,11.63,16296,9777600,6.42,123936164,81.43
482.723,1791613262.2766922,oauth_refresh_families,245760,992,230144,93.65,0,0,0,10928,4.45
482.723,1791613262.2766922,security_audit_chain_entries,25272320,256,29184,0.12,523,59622,0.24,25037240,99.07
602.503,1791613382.056225,oauth_token_issuances,0,0,0,0,0,0,0,0,0
602.503,1791613382.056225,security_audit_events,165896192,49730,29838000,17.99,19326,11595600,6.99,123544180,74.47
602.503,1791613382.056225,oauth_refresh_families,245760,992,230144,93.65,0,0,0,10928,4.45
602.503,1791613382.056225,security_audit_chain_entries,24395776,163,18582,0.08,2444,278616,1.14,23885964,97.91
722.792,1791613502.3456702,oauth_token_issuances,0,0,0,0,0,0,0,0,0
722.792,1791613502.3456702,security_audit_events,172982272,57473,34483800,19.93,19499,11699400,6.76,125856108,72.76
722.792,1791613502.3456702,oauth_refresh_families,245760,992,230144,93.65,0,0,0,10928,4.45
722.792,1791613502.3456702,security_audit_chain_entries,25206784,256,29184,0.12,2184,248976,0.99,24693984,97.97
842.53,1791613622.0835676,oauth_token_issuances,0,0,0,0,0,0,0,0,0
842.53,1791613622.0835676,security_audit_events,180420608,83240,49944000,27.68,19541,11724600,6.5,117675864,65.22
842.53,1791613622.0835676,oauth_refresh_families,245760,992,230144,93.65,0,0,0,10928,4.45
842.53,1791613622.0835676,security_audit_chain_entries,23650304,256,29184,0.12,2285,260490,1.1,23124736,97.78
962.03,1791613741.5829363,oauth_token_issuances,0,0,0,0,0,0,0,0,0
962.03,1791613741.5829363,security_audit_events,173400064,0,0,0,126,75600,0.04,172731020,99.61
962.03,1791613741.5829363,oauth_refresh_families,245760,992,230144,93.65,0,0,0,10928,4.45
962.03,1791613741.5829363,security_audit_chain_entries,0,0,0,0,0,0,0,0,0
1082.287,1791613861.8402603,oauth_token_issuances,0,0,0,0,0,0,0,0,0
1082.287,1791613861.8402603,security_audit_events,173400064,0,0,0,126,75600,0.04,172731020,99.61
1082.287,1791613861.8402603,oauth_refresh_families,245760,992,230144,93.65,0,0,0,10928,4.45
1082.287,1791613861.8402603,security_audit_chain_entries,0,0,0,0,0,0,0,0,0
