point,ts,phase,pending,oldest_pending_s,anchor,observed_at,blocked,family_eligible,family_live,contract_orphan,decision_eligible,decision_retained,spent_eligible,spent_retained,db_bytes
p06-A1,1791428122.106525,,0,0,30,1791428121.119839,,0,0,0,0,0,0,0,12727999
p06-A1,1791428127.186506,,0,0,30,1791428127.135442,,0,992,0,0,0,0,0,15685311
p06-A1,1791428132.32919,,464,0.213354,2938,1791428132.092764,,0,2672,0,0,1692,0,0,26220223
p06-A1,1791428137.438651,,3269,1.999977,8313,1791428137.418666,,0,6764,0,0,5780,0,0,45987519
p06-A1,1791428142.566712,,71,0.020027,20648,1791428142.5593,,940,9920,0,0,9881,0,0,67860159
p06-A1,1791428147.71188,,761,0.272562,32322,1791428147.420601,,5063,9920,0,0,13999,0,0,87103167
p06-A1,1791428152.879069,,1178,0.433564,44316,1791428152.433268,,9201,9920,0,0,18134,0,0,100308671
p06-A1,1791428158.016727,,1299,0.501854,56514,1791428157.494317,,13306,9920,0,0,22243,0,0,114513599
p06-A1,1791428163.186655,,84,0.035809,70125,1791428163.171662,,17440,9920,0,0,26371,0,0,135403199
p06-A1,1791428168.340723,,130,0.047905,82459,1791428168.317094,,21565,9920,0,0,30501,0,0,153605823
p06-A1,1791428173.52557,,1365,0.510635,93663,1791428172.965035,,25711,9920,0,0,34648,0,0,172357311
p06-A1,1791428178.665541,,66,0.020449,107308,1791428178.657363,,29827,9920,0,0,38762,0,0,195950271
p06-A1,1791428183.820056,,125,0.037272,119618,1791428183.811447,,33950,9920,0,0,42885,0,0,214636223
p06-A1,1791428189.005953,,115,0.034538,132080,1791428188.990514,,38101,9920,0,0,47035,0,0,234452671
p06-A1,1791428194.237293,,74,0.023327,144671,1791428194.227146,,23340,9920,992,0,51219,0,0,253671103
p06-A1,1791428199.442821,,174,0.059198,157070,1791428199.408764,,3076,9920,992,0,55384,0,0,273217215
p06-A1,1791428204.689565,,65,0.018022,169771,1791428204.680499,,7273,9920,992,0,59582,0,0,292107967
p06-A1,1791428209.905748,,0,0,171102,1791428209.259753,,7697,9920,992,0,60000,0,0,293746367
p06-A1,1791428210.672472,post_drain,0,0,171102,1791428209.259753,,7697,9920,992,0,60000,0,0,293795519
p06-B1,1791428313.437699,,0,0,30,1791428313.328994,,0,0,0,0,0,0,0,12662463
p06-B1,1791428318.519349,,0,0,30,1791428317.356184,,0,992,0,0,0,0,0,15619775
p06-B1,1791428323.725325,,1200,0.688862,4476,1791428323.019179,,0,3813,0,0,2825,0,0,31946431
p06-B1,1791428328.873924,,66,0.030073,13835,1791428328.87046,,0,7925,0,0,6938,0,0,52836031
p06-B1,1791428334.085913,,109,0.036129,24316,1791428334.065554,,2176,9920,0,0,11115,0,0,72480447
p06-B1,1791428339.208911,,71,0.022102,36659,1791428339.200023,,2438,9920,0,0,15216,0,0,94033599
p06-B1,1791428344.469752,,36,0.008449,49185,1791428344.463,,3968,9920,0,0,19395,0,0,116430527
p06-B1,1791428349.677317,,212,0.073771,61640,1791428349.636878,,8186,9920,0,0,23590,0,0,140195519
p06-B1,1791428354.909737,,202,0.075283,74197,1791428354.874249,,12368,9920,0,0,27773,0,0,162821823
p06-B1,1791428360.102658,,373,0.135141,86503,1791428360.034449,,16528,9920,0,0,31930,0,0,167777983
p06-B1,1791428365.229342,,3695,1.520092,95489,1791428365.185931,,20632,9920,0,0,36030,0,0,174413503
p06-B1,1791428370.530843,,296,0.066608,111581,1791428370.492649,,24860,9920,0,0,40267,0,0,185988799
p06-B1,1791428375.732572,,3492,1.448331,120889,1791428375.617082,,29030,9920,0,0,44431,0,0,206993087
p06-B1,1791428380.883154,,1008,0.398726,135737,1791428380.764709,,33152,9920,0,0,48551,0,0,232617663
p06-B1,1791428386.176101,,642,0.242826,148790,1791428386.08559,,37380,9920,0,0,52782,0,0,257709759
p06-B1,1791428391.414673,,929,0.385299,161078,1791428391.328391,,41570,9920,0,0,56977,0,0,283973311
p06-B1,1791428396.553841,,0,0,171105,1791428395.86517,,44607,9920,0,0,60001,0,0,303363775
p06-B1,1791428401.675542,,0,0,171105,1791428399.908201,,6207,9920,0,0,60001,0,0,303363775
p06-B1,1791428403.320902,post_drain,0,0,171105,1791428401.915912,,0,9920,0,0,60001,0,0,303363775
p10-B1,1791428502.355987,,0,0,0,1791428500.872409,,0,0,0,0,0,0,0,12498623
p10-B1,1791428507.455197,,0,0,0,1791428506.893085,,0,992,0,0,0,0,0,15570623
p10-B1,1791428512.656359,,145,0.037249,6678,1791428512.632971,,2270,996,0,0,2279,0,0,31192767
p10-B1,1791428517.812671,,2431,0.832438,19178,1791428517.786844,,7194,998,0,0,7215,0,0,59717311
p10-B1,1791428522.946922,,164,0.041182,36299,1791428522.915231,,12148,997,0,0,12162,0,0,87848639
p10-B1,1791428528.129282,,83,0.024793,51217,1791428528.108245,,17080,1006,0,0,17126,0,0,113202879
p10-B1,1791428533.358704,,133,0.043362,66290,1791428533.334504,,22135,999,0,0,22146,0,0,138081983
p10-B1,1791428538.603332,,216,0.055048,81292,1791428538.563301,,21780,1004,0,0,27184,0,0,163182271
p10-B1,1791428543.809616,,112,0.029847,96438,1791428543.792393,,2258,997,0,0,32189,0,0,189462207
p10-B1,1791428549.005032,,101,0.028327,111401,1791428548.988695,,7241,997,0,0,37175,0,0,214472383
p10-B1,1791428554.208285,,123,0.056069,126259,1791428554.17248,,12192,1000,0,0,42150,0,0,237180607
p10-B1,1791428559.365041,,2119,0.752454,139111,1791428559.300857,,17135,1009,0,0,47103,0,0,244012735
p10-B1,1791428564.608441,,72,0.026076,156220,1791428564.593104,,22145,1029,0,0,52125,0,0,249738943
p10-B1,1791428569.807707,,4187,1.46907,167181,1791428569.767901,,27196,998,0,0,57130,0,0,260118207
p10-B1,1791428575.040341,,110,0.02915,186384,1791428575.028425,,32240,995,0,0,62171,0,0,280417983
p10-B1,1791428580.287689,,302,0.061584,201211,1791428580.249513,,37230,1016,0,0,67189,0,0,298620607
p10-B1,1791428585.45,,0,0,216003,1791428585.339373,,42081,992,0,0,72001,0,0,316823231
p10-B1,1791428590.582108,,0,0,216003,1791428589.3557,,42081,992,0,0,72001,0,0,316823231
p10-B1,1791428592.05822,post_drain,0,0,216003,1791428591.362353,,42081,992,0,0,72001,0,0,316823231
p10-A1,1791428682.765114,,0,0,0,1791428682.266426,,0,0,0,0,0,0,0,12498623
p10-A1,1791428687.901307,,0,0,0,1791428686.278425,,0,992,0,0,0,0,0,15537855
p10-A1,1791428693.011589,,138,0.037918,9641,1791428692.999412,,3249,1003,0,0,3270,0,0,36083391
p10-A1,1791428698.198545,,1713,0.558451,22923,1791428698.182061,,8194,999,0,0,8241,0,0,65558207
p10-A1,1791428703.368941,,2730,0.878372,36872,1791428703.333251,,13192,1000,0,0,13210,0,0,94672575
p10-A1,1791428708.600977,,207,0.057587,54274,1791428708.574995,,18133,1006,0,0,18201,0,0,124171967
p10-A1,1791428713.788289,,182,0.057018,69400,1791428713.759224,,23183,997,0,0,23211,0,0,150525631
p10-A1,1791428719.02492,,1567,0.55834,82838,1791428718.448626,,27355,1003,0,0,28148,0,0,176838335
p10-A1,1791428724.250743,,485,0.177152,99222,1791428724.187343,,1260,1003,0,0,33254,0,0,210212543
p10-A1,1791428729.477405,,55,0.048933,114646,1791428729.456875,,6270,995,0,0,38236,0,0,236885695
p10-A1,1791428734.747025,,131,0.030735,129679,1791428734.731392,,11269,1040,0,0,43302,0,0,263018175
p10-A1,1791428740.036437,,201,0.067781,144995,1791428739.998127,,16426,1003,0,0,48411,0,0,282875583
p10-A1,1791428745.252135,,1314,0.490072,158770,1791428745.225862,,21371,1018,0,0,53394,0,0,289003199
p10-A1,1791428750.458664,,5721,2.01112,169319,1791428750.439196,,26383,994,0,0,58350,0,0,295925439
p10-A1,1791428755.681229,,3705,1.230589,186570,1791428754.438657,,31459,992,0,0,63435,0,0,304232127
p10-A1,1791428760.921548,,201,0.040393,205138,1791428760.912747,,36474,1001,0,0,68460,0,0,320796351
p10-A1,1791428766.097123,,637,1.626617,215366,1791428764.454228,,40040,992,0,0,72001,0,0,334960319
p10-A1,1791428771.263306,,0,0,216003,1791428770.641986,,40040,992,0,0,72001,0,0,335247039
p10-A1,1791428772.762987,post_drain,0,0,216003,1791428772.651386,,40040,992,0,0,72001,0,0,335247039
p03-A1,1791428862.258688,,0,0,0,1791428862.219257,,0,0,0,0,0,0,0,12555967
p03-A1,1791428867.330418,,46,0.141543,567,1791428867.180771,,0,201,0,0,138,0,95,14816959
p03-A1,1791428872.419198,,9,0.022453,2342,1791428872.409176,,15,491,0,0,442,9,399,17462975
p03-A1,1791428877.496904,,5,0.004721,4619,1791428877.494423,,240,642,0,0,819,176,691,20723391
p03-A1,1791428882.623203,,7,0.004879,6868,1791428882.621096,,525,661,0,0,1124,436,947,23230143
p03-A1,1791428887.709261,,15,0.025453,9167,1791428887.695675,,854,672,0,0,1465,751,1120,25671359
p03-A1,1791428892.811553,,16,0.053343,11495,1791428892.765481,,1186,682,0,0,1806,1103,1250,28440255
p03-A1,1791428897.926112,,6,0.005341,13824,1791428897.922932,,1513,692,0,0,2142,1400,1458,31651519
p03-A1,1791428903.1531,,671,1.390802,15534,1791428901.751451,,191,703,87,0,2490,193,1634,34428607
p03-A1,1791428908.260319,,17,0.018712,18491,1791428908.249079,,509,713,87,0,2819,476,1863,37361343
p03-A1,1791428913.415511,,295,0.650043,20507,1791428912.750353,,824,723,87,0,3143,743,2069,40064703
p03-A1,1791428918.520794,,7,0.005633,23044,1791428918.518928,,1119,733,87,0,3447,1043,2259,43185855
p03-A1,1791428923.655722,,9,0.011645,25377,1791428923.651535,,1434,743,87,0,3777,1338,2468,43767487
p03-A1,1791428928.730583,,26,0.047812,27640,1791428928.67536,,1757,754,87,0,4106,1647,2648,44668607
p03-A1,1791428933.88865,,14,0.023456,30026,1791428933.873444,,2108,764,87,0,4468,1984,2787,45389503
p03-A1,1791428938.968954,,19,0.020304,32279,1791428938.959581,,2419,774,87,0,4788,2248,3043,46290623
p03-A1,1791428944.048056,,99,0.211839,34421,1791428943.82427,,2710,784,87,0,5089,2507,3287,47126207
p03-A1,1791428949.122314,,646,1.363714,36168,1791428947.743116,,3032,794,87,0,5422,2850,3428,47896255
p03-A1,1791428954.204161,,425,0.9936,38675,1791428953.201232,,3343,805,87,0,5744,3150,3619,49231551
p03-A1,1791428959.28321,,254,0.58483,41063,1791428958.684523,,3622,815,87,243,5790,3443,3858,50853567
p03-A1,1791428964.375432,,208,0.47601,43387,1791428964.35296,,235,825,146,254,5771,238,4075,53057215
p03-A1,1791428969.460142,,15,0.020339,45859,1791428969.447455,,547,835,146,619,5727,579,4216,55203519
p03-A1,1791428974.587759,,803,1.827964,47292,1791428972.747598,,827,845,146,939,5700,890,4407,57439935
p03-A1,1791428979.671555,,257,0.586199,50192,1791428979.074764,,1152,856,146,1275,5697,1190,4580,60094143
p03-A1,1791428984.772424,,201,0.445386,52516,1791428984.314957,,1449,866,146,1607,5674,1492,4680,60552895
p03-A1,1791428989.866765,,66,1.353197,53308,1791428988.495107,,1513,876,146,1940,5413,1538,4707,60651199
p03-A1,1791428994.94802,,15,0.251532,53612,1791428994.680432,,1519,886,146,2288,5081,1540,4711,60692159
p03-A1,1791429000.035145,,61,1.205364,53813,1791428998.810479,,1524,896,146,2618,4766,1542,4714,60741311
p03-A1,1791429005.158977,,2,0.011574,54126,1791429005.150765,,1529,907,146,2910,4490,1550,4711,60798655
p03-A1,1791429010.333542,,47,0.951764,54332,1791429009.37188,,1534,917,146,3242,4173,1560,4706,60839615
p03-A1,1791429015.422161,,94,1.90911,54533,1791429013.494075,,1539,927,146,3563,3867,1565,4706,60888767
p03-A1,1791429020.534596,,33,0.795136,54838,1791429019.722136,,1543,937,146,3918,3526,1571,4704,60921535
p03-A1,1791429025.632582,,0,0,54997,1791429023.849016,,0,941,175,296,3198,0,4704,60937919
p03-A1,1791429030.732721,,0,0,54997,1791429029.865339,,0,941,175,605,2889,0,4704,60937919
p03-A1,1791429031.978087,post_drain,0,0,54997,1791429031.872307,,0,941,175,692,2802,0,4704,60937919
p03-B1,1791429500.8364,,0,0,0,1791429499.057161,,0,0,0,0,0,0,0,12482239
p03-B1,1791429506.014871,,0,0,0,1791429505.132973,,0,64,0,0,0,0,0,13022911
p03-B1,1791429511.252347,,16,0.019275,1536,1791429511.225641,,0,376,0,0,315,0,263,15750847
p03-B1,1791429516.493965,,21,0.039364,3418,1791429516.462169,,89,604,0,0,632,32,556,17626815
p03-B1,1791429521.730799,,48,0.043362,5491,1791429521.715985,,362,642,0,0,952,264,657,19904191
p03-B1,1791429527.003505,,31,0.076145,8012,1791429526.966923,,718,656,0,0,1311,657,803,22197951
p03-B1,1791429532.223603,,341,0.686334,10038,1791429531.581421,,254,666,0,0,1647,251,996,24483519
p03-B1,1791429537.505453,,23,0.029735,12807,1791429537.464872,,604,677,0,0,2006,599,1168,27530943
p03-B1,1791429542.783306,,20,0.039096,15181,1791429542.773147,,933,687,0,0,2345,912,1378,29890239
p03-B1,1791429548.025646,,45,0.099337,17525,1791429547.950958,,1259,698,0,0,2681,1230,1560,30488255
p03-B1,1791429553.28775,,30,0.046987,19863,1791429553.272328,,1571,708,0,0,3008,1529,1789,30947007
p03-B1,1791429558.497861,,32,0.071874,22217,1791429558.468407,,1910,719,0,0,3352,1859,1974,32986815
p03-B1,1791429563.704236,,198,0.415083,24411,1791429563.278512,,2230,729,0,0,3687,2187,2172,34813631
p03-B1,1791429568.93194,,10,0.002754,26961,1791429568.929022,,2552,740,0,0,4015,2492,2392,36820671
p03-B1,1791429574.11795,,13,0.028916,29272,1791429574.091996,,2873,750,0,0,4347,2817,2553,39007935
p03-B1,1791429579.421456,,16,0.011619,31679,1791429579.409645,,3202,761,0,0,4685,3137,2754,41088703
p03-B1,1791429584.613045,,23,0.06498,34080,1791429584.563289,,3548,771,0,0,5047,3450,2960,43112127
p03-B1,1791429589.9955,,18,0.030721,36517,1791429589.964694,,59,782,0,0,5401,65,3179,45078207
p03-B1,1791429595.141514,,63,0.120718,38765,1791429595.07077,,359,792,0,0,5711,364,3405,46970559
p03-B1,1791429600.255841,,33,0.065963,41037,1791429600.223299,,652,802,0,251,5760,676,3579,49108671
p03-B1,1791429605.487922,,54,0.105109,43324,1791429605.452727,,959,813,0,577,5752,985,3762,50403007
p03-B1,1791429610.673479,,28,0.072761,45714,1791429610.617014,,1280,823,0,866,5796,1290,3977,50919103
p03-B1,1791429615.912289,,48,0.085356,48049,1791429615.857692,,1606,833,0,1258,5741,1598,4195,51295935
p03-B1,1791429621.118055,,53,0.108483,50377,1791429621.044492,,1922,844,0,1574,5748,1945,4386,51844799
p03-B1,1791429626.351062,,35,0.075943,52855,1791429626.311162,,2280,854,0,1942,5749,2285,4563,52573887
p03-B1,1791429631.508542,,93,1.882316,53175,1791429629.60938,,2309,865,0,2268,5459,2325,4645,52688575
p03-B1,1791429636.647324,,19,0.313632,53500,1791429636.317248,,2314,875,0,2597,5145,2327,4648,52811455
p03-B1,1791429641.866266,,99,2.00603,53673,1791429641.847923,,2319,885,0,2922,4835,2336,4644,52893375
p03-B1,1791429647.059664,,91,1.803475,53937,1791429645.192406,,2324,896,0,3253,4520,2343,4642,52958911
p03-B1,1791429652.219488,,24,0.567555,54255,1791429651.624534,,1,906,0,114,4197,0,4644,53016255
p03-B1,1791429657.429914,,38,0.895916,54496,1791429656.510913,,6,916,0,438,3890,1,4648,53073599
p03-B1,1791429662.627654,,86,1.942073,54696,1791429660.619515,,10,927,0,774,3567,2,4651,50394815
p03-B1,1791429667.786005,,25,0.592869,54984,1791429667.16554,,10,937,0,1113,3238,2,4651,50452159
p03-B1,1791429672.964478,,0,0,55155,1791429671.480038,,10,941,0,1461,2894,2,4651,50468543
p03-B1,1791429678.088572,,0,0,55155,1791429677.512936,,10,941,0,1800,2555,2,4651,50468543
p03-B1,1791429678.863711,post_drain,0,0,55155,1791429677.512936,,10,941,0,1851,2504,2,4651,50468543
p04-B1,1791429798.306729,,0,0,0,1791429796.895013,,0,0,0,0,0,0,0,12498623
p04-B1,1791429807.760653,,0,0,0,1791429807.009797,,0,992,0,0,0,0,0,15546047
p04-B1,1791429812.998678,,47,1.394916,0,1791429811.060453,,0,1004,0,0,12,0,11,15799999
p04-B1,1791429818.21766,,55,0.342259,2800,1791429818.163115,,0,1959,0,0,1058,0,192,23533247
p04-B1,1791429823.41101,,73,0.272768,7160,1791429823.368228,,0,2643,0,0,1912,0,942,29046463
p04-B1,1791429828.755229,,211,0.258637,13695,1791429828.696913,,5,3937,0,0,3009,1,2559,38557375
p04-B1,1791429833.968218,,279,0.094629,23381,1791429833.924269,,57,5445,0,0,4579,46,5436,48158399
p04-B1,1791429839.181853,,177,0.199327,31849,1791429839.096976,,225,6480,0,0,5842,74,7882,54326975
p04-B1,1791429844.436856,,319,0.362221,40731,1791429844.269127,,475,7698,0,0,7320,112,9741,67417791
p04-B1,1791429849.665092,,269,0.23315,48664,1791429849.581512,,815,8606,0,0,8595,201,10847,78780095
p04-B1,1791429855.229191,,168,0.256574,57641,1791429854.876095,,1442,9373,0,0,9998,416,11894,92878527
p04-B1,1791429860.701864,,283,0.309051,66548,1791429860.299496,,2358,9815,0,0,11361,851,12770,106411711
p04-B1,1791429866.046705,,452,0.115841,76839,1791429865.900234,,3708,10073,0,0,12886,1689,13321,122468031
p04-B1,1791429871.414346,,590,0.278759,86881,1791429871.241732,,5017,10172,0,0,14286,2620,13674,136869567
p04-B1,1791429876.914916,,850,0.503452,95585,1791429876.578199,,6190,10208,0,0,15587,3591,13913,151123647
p04-B1,1791429882.404648,,1449,0.919765,105569,1791429881.931158,,7747,10235,0,0,17092,4948,13876,168138431
p04-B1,1791429887.736656,,1456,0.812429,115041,1791429887.606457,,9065,10239,0,0,18509,6168,13970,183023295
p04-B1,1791429893.29387,,2132,0.97171,125281,1791429892.980229,,8899,10240,473,0,20066,7059,13902,197826239
p04-B1,1791429898.814137,,446,0.292595,136033,1791429898.671772,,8071,10240,104,0,21339,6946,13978,200234687
p04-B1,1791429904.308223,,130,0.139439,146017,1791429904.12042,,8165,10240,13,499,22196,7273,14032,203085503
p04-B1,1791429909.912865,,234,0.28979,155849,1791429909.674495,,8123,10240,54,77,22755,7399,13937,206321343
p04-B1,1791429915.356078,,371,0.311317,165642,1791429915.066585,,8270,10240,5,42,23235,7655,13912,209917631
p04-B1,1791429920.876928,,411,0.224387,175705,1791429920.536078,,8384,10240,2,804,23327,7695,14021,214496959
p04-B1,1791429926.36661,,295,0.246417,187106,1791429926.213773,,10044,10240,2,2351,23339,9193,13887,220157631
p04-B1,1791429931.682611,,395,0.104901,197522,1791429931.546235,,11476,10240,2,3729,23429,10532,13848,225605311
p04-B1,1791429937.348519,,35,0.039163,205044,1791429937.181052,,12342,10240,2,5299,22621,11183,13723,229865151
p04-B1,1791429943.120457,,58,0.042476,209281,1791429942.839198,,12552,10240,2,6714,21419,11226,13724,232806079
p04-B1,1791429948.694209,,66,0.06052,213610,1791429948.516365,,12770,10240,2,8166,20184,11272,13724,235976383
p04-B1,1791429954.105373,,84,0.062226,217782,1791429953.985836,,504,10240,63,0,19041,108,13723,236852927
p04-B1,1791429959.410617,,29,0.028708,221856,1791429959.303528,,198,10240,0,1447,17771,42,13724,237164223
p04-B1,1791429964.866985,,30,0.029289,225813,1791429964.707893,,374,10240,0,2852,16544,59,13724,238032575
p04-B1,1791429970.274502,,18,0.013484,229165,1791429970.095977,,404,10240,0,4277,15147,59,13724,238589631
p04-B1,1791429975.763913,,0,0,229630,1791429974.995945,,404,10240,0,5692,13732,59,13724,238606015
p04-B1,1791429977.880544,post_drain,0,0,229630,1791429977.027928,,404,10240,0,6255,13169,59,13724,238606015
p04-A1,1791430097.151431,,0,0,0,1791430096.346962,,0,0,0,0,0,0,0,12482239
p04-A1,1791430108.515419,,0,0,0,1791430106.484972,,0,992,0,0,0,0,0,15529663
p04-A1,1791430113.740366,,16,0.08144,109,1791430113.674635,,0,1027,0,0,41,0,14,16127679
p04-A1,1791430118.924624,,43,0.427758,3139,1791430118.899024,,0,2042,0,0,1158,0,207,23312063
p04-A1,1791430124.071748,,83,0.211903,7582,1791430124.025203,,0,2777,0,0,1956,0,1167,29021887
p04-A1,1791430129.380174,,170,0.481299,12631,1791430129.338195,,6,3652,0,0,2829,1,2384,36214463
p04-A1,1791430134.58058,,130,0.294898,18004,1791430134.506191,,25,4504,0,0,3714,17,3617,43603647
p04-A1,1791430139.797532,,135,0.365314,24656,1791430139.772573,,75,5584,0,0,4817,36,5179,48363199
p04-A1,1791430145.00352,,314,0.316995,32786,1791430144.925373,,211,6837,0,0,6207,55,7146,54474431
p04-A1,1791430150.206195,,219,0.217439,41642,1791430150.186958,,462,8006,0,0,7597,91,9216,66664127
p04-A1,1791430155.437268,,221,0.298801,49678,1791430155.380981,,853,8826,0,0,8854,198,10991,79099583
p04-A1,1791430160.995725,,288,0.381906,58265,1791430160.793093,,1525,9509,0,0,10244,434,12235,92722879
p04-A1,1791430166.313284,,167,0.156538,67121,1791430166.201288,,2460,9886,0,0,11535,954,12945,105125567
p04-A1,1791430171.745016,,206,0.220679,76106,1791430171.54058,,3623,10095,0,0,12896,1707,13421,119019199
p04-A1,1791430177.222828,,523,0.433029,87566,1791430176.862168,,5263,10198,0,0,14516,2968,13592,136533695
p04-A1,1791430182.541212,,167,0.233371,97026,1791430182.421665,,6206,10219,66,0,15847,3841,13870,150279871
p04-A1,1791430187.927637,,207,0.169634,106670,1791430187.782044,,6037,10231,616,0,17253,4548,13996,163559103
p04-A1,1791430193.304656,,258,0.276803,116598,1791430193.124936,,5728,10239,927,0,18712,4841,13906,178517695
p04-A1,1791430198.615584,,325,0.280361,125392,1791430198.520287,,5705,10240,1059,0,20026,5026,13916,188741311
p04-A1,1791430204.305497,,240,0.228486,134957,1791430203.943454,,5817,10240,1129,26,21315,5358,13829,191280831
p04-A1,1791430209.788717,,215,0.374104,144058,1791430209.583938,,5862,10240,1174,330,21272,5473,13786,193713855
p04-A1,1791430215.461155,,296,0.303802,153209,1791430215.149075,,6612,10240,1189,678,21711,6148,13946,196687551
p04-A1,1791430220.998456,,543,0.45324,161639,1791430220.623802,,7835,10240,1189,1610,21994,7212,14050,200103615
p04-A1,1791430226.561756,,449,0.396888,171409,1791430226.292316,,9254,10240,1189,2538,22473,8551,14005,204117695
p04-A1,1791430231.976293,,635,0.50685,180378,1791430231.763681,,10610,10240,1189,3944,22399,9856,13912,208533183
p04-A1,1791430237.351893,,87,0.065193,189071,1791430237.250046,,11753,10240,1189,5348,21996,10841,13690,212956863
p04-A1,1791430242.860189,,52,0.101567,192925,1791430242.649029,,11955,10240,1189,6744,20802,10874,13701,215725759
p04-A1,1791430248.44739,,78,0.136551,196910,1791430248.18826,,1735,10240,1332,0,19688,1235,13700,218805951
p04-A1,1791430254.051366,,55,0.044047,201185,1791430253.818086,,172,10240,1434,1108,18502,37,13701,221943487
p04-A1,1791430259.544584,,70,0.104723,205393,1791430259.333076,,384,10240,1434,2511,17310,82,13700,221271743
p04-A1,1791430264.981107,,70,0.083295,209189,1791430264.804681,,512,10240,1434,4055,15891,101,13701,221492927
p04-A1,1791430270.303711,,0,0,210597,1791430269.266972,,512,10240,1434,5483,14463,101,13701,221558463
p04-A1,1791430275.940902,post_drain,0,0,210597,1791430275.362969,,512,10240,1434,6848,13098,101,13701,221558463
sustained-B1,1791430527.542216,,0,0,0,1791430527.281991,,0,0,0,0,0,0,0,12515007
sustained-B1,1791430534.586294,,0,0,0,1791430533.349521,,0,992,0,0,0,0,0,15562431
sustained-B1,1791430539.785044,,0,0,0,1791430539.428062,,0,992,0,0,0,0,0,15562431
sustained-B1,1791430545.052741,,35,0.348124,2538,1791430544.972177,,504,1435,0,0,1122,0,0,23746239
sustained-B1,1791430550.242309,,54,0.282433,7717,1791430550.187604,,2284,1219,0,0,2976,0,0,31225535
sustained-B1,1791430555.43319,,169,0.278167,12113,1791430555.367717,,3935,1072,0,0,4332,0,0,38319807
sustained-B1,1791430560.684334,,191,0.35753,17075,1791430560.516994,,5465,1256,0,0,6072,0,0,47462079
sustained-B1,1791430565.92786,,111,0.301855,21489,1791430565.823193,,6956,1168,0,0,7512,0,0,54630079
sustained-B1,1791430571.187722,,137,0.349472,25797,1791430570.994318,,7609,1209,0,0,8963,0,0,62068415
sustained-B1,1791430576.402439,,190,0.403833,29946,1791430576.221869,,8322,1125,0,0,10287,0,0,69465791
sustained-B1,1791430581.655081,,314,0.426038,34252,1791430581.459532,,8644,1248,0,0,11902,0,0,77461183
sustained-B1,1791430586.92047,,168,0.418967,39577,1791430586.704416,,9430,1135,0,0,13574,0,0,87299775
sustained-B1,1791430592.210043,,179,0.448276,44412,1791430592.037944,,9973,1290,0,0,15131,0,0,97244863
sustained-B1,1791430597.459955,,383,0.512182,48822,1791430597.27339,,10698,1241,0,0,16808,0,0,106542783
sustained-B1,1791430602.796075,,174,0.48592,53241,1791430602.587857,,11860,1343,0,0,18080,0,0,114562751
sustained-B1,1791430608.056542,,51,0.422921,58050,1791430608.011765,,13414,1252,0,0,19749,0,0,120370879
sustained-B1,1791430613.379041,,156,0.434244,63215,1791430613.277839,,15282,1110,0,0,21425,0,0,123098815
sustained-B1,1791430618.656894,,171,0.353549,67533,1791430618.573129,,16598,1312,0,0,22924,0,0,125589183
sustained-B1,1791430623.942895,,57,0.28246,72074,1791430623.917645,,18232,1120,0,0,24275,0,0,128087743
sustained-B1,1791430629.251792,,238,0.271787,76996,1791430629.209524,,19826,1321,0,0,25989,0,0,131094207
sustained-B1,1791430634.491727,,60,0.201118,82810,1791430634.421213,,20408,1256,0,476,26722,0,0,138335935
sustained-B1,1791430639.773593,,135,0.293875,87100,1791430639.638883,,21186,1108,0,1289,26306,0,0,144201407
sustained-B1,1791430645.090233,,125,0.295139,91332,1791430645.057515,,21735,1237,0,1980,26306,0,0,150763199
sustained-B1,1791430650.365005,,121,0.493468,95840,1791430650.289603,,22334,1145,0,2916,25952,0,0,157554367
sustained-B1,1791430655.647813,,230,0.356602,100795,1791430655.523975,,22931,1163,0,3381,26267,0,0,165992127
sustained-B1,1791430660.94953,,172,0.328356,106603,1791430660.831567,,24106,1132,0,4076,26699,0,0,175281855
sustained-B1,1791430666.174949,,51,0.121865,112547,1791430666.098917,,25975,1254,0,5411,27327,0,0,184972991
sustained-B1,1791430671.5711,,105,0.323151,118101,1791430671.531391,,27826,1288,0,6937,27673,0,0,187193023
sustained-B1,1791430676.822612,,180,0.259319,123398,1791430676.736813,,29713,1163,0,8780,27553,0,0,189028031
sustained-B1,1791430682.135684,,109,0.27402,127903,1791430682.087569,,31120,1192,0,10287,27637,0,0,190510783
sustained-B1,1791430687.394563,,26,0.243337,132358,1791430687.387497,,32650,1176,0,11868,27384,0,0,192181951
sustained-B1,1791430692.744142,,124,0.327969,137228,1791430692.649159,,33689,1335,0,12692,27755,0,0,194549439
sustained-B1,1791430698.099636,,135,0.282588,142995,1791430697.99914,,34431,1164,0,13058,28014,0,0,198399679
sustained-B1,1791430703.575974,,264,0.457747,149041,1791430703.50754,,35173,1246,0,13685,28156,0,0,207279807
sustained-B1,1791430708.905731,,152,0.180289,154346,1791430708.820112,,35806,1300,0,13893,28749,0,0,214791871
sustained-B1,1791430714.25644,,69,0.189157,159492,1791430714.230445,,36585,1087,0,14528,28760,0,0,221902527
sustained-B1,1791430719.595928,,76,0.186786,164281,1791430719.542824,,37155,1177,0,15103,28679,0,0,228587199
sustained-B1,1791430725.017997,,159,0.292227,169241,1791430724.906665,,38515,1273,0,16792,28449,0,0,235976383
sustained-B1,1791430730.410126,,123,0.322727,173435,1791430730.341795,,39960,1184,0,18343,28255,0,0,237934271
sustained-B1,1791430735.771632,,182,0.406996,178461,1791430735.616068,,41612,1232,0,19656,28675,0,0,239212223
sustained-B1,1791430741.158294,,0,0,180960,1791430740.859772,,42656,992,0,21413,27387,0,0,239703743
sustained-B1,1791430745.110486,stopped_observation,0,0,180960,1791430744.916968,,42656,992,0,22534,26266,0,0,239703743
sustained-B1,1791430750.407436,stopped_observation,0,0,180960,1791430748.956977,,42656,992,0,24417,24383,0,0,239703743
sustained-B1,1791430755.74691,stopped_observation,0,0,180960,1791430755.000601,,17568,992,0,1388,22324,0,0,239703743
sustained-B1,1791430760.986768,stopped_observation,0,0,180960,1791430759.052971,,0,992,0,1063,20411,0,0,239703743
sustained-B1,1791430766.376499,stopped_observation,0,0,180960,1791430765.110486,,0,992,0,2742,18732,0,0,239703743
sustained-B1,1791430771.603309,stopped_observation,0,0,180960,1791430771.154656,,0,992,0,4282,17192,0,0,239703743
sustained-B1,1791430776.890355,stopped_observation,0,0,180960,1791430775.188958,,0,992,0,5699,15775,0,0,239703743
sustained-B1,1791430782.183897,stopped_observation,0,0,180960,1791430781.262648,,0,992,0,7347,14127,0,0,239703743
sustained-B1,1791430787.464861,stopped_observation,0,0,180960,1791430787.282308,,0,992,0,8847,12627,0,0,219567807
sustained-B1,1791430792.666956,stopped_observation,0,0,180960,1791430791.298433,,0,992,0,11145,10329,0,0,219567807
sustained-B1,1791430797.954296,stopped_observation,0,0,180960,1791430797.337382,,0,992,0,12997,8477,0,0,219567807
sustained-B1,1791430803.33016,stopped_observation,0,0,180960,1791430801.354981,,0,992,0,14693,6781,0,0,219567807
sustained-B1,1791430808.574173,stopped_observation,0,0,180960,1791430807.397972,,0,992,0,16160,5314,0,0,219567807
sustained-B1,1791430813.811499,stopped_observation,0,0,180960,1791430813.433592,,0,992,0,17877,3597,0,0,219567807
sustained-B1,1791430819.057129,stopped_observation,0,0,180960,1791430817.447963,,0,992,0,10469,2301,0,0,219567807
sustained-B1,1791430824.325215,stopped_observation,0,0,180960,1791430823.519087,,0,992,0,1127,589,0,0,219567807
sustained-B1,1791430829.487307,post_drain,0,0,180960,1791430827.534997,,0,992,0,1716,0,0,0,219567807
