key,label,source_sha,window_s,rate,success_ops_s,p50,p95,p99,drop,drop_fraction,unexpected,expected_rejections,other_failures,unfinished,capacity,pending_peak,pending_age_peak_s
REVOKE20,撤销,6714d3187c528ac2b9aac5c67729b1653b67a427,1200.0,960,959.1,14.0,24.0,38.0,1081,0.000938,0,0,0,0,PASS,4416,1.518625
INTROSPECT10,内省,6714d3187c528ac2b9aac5c67729b1653b67a427,600.0,8000,8000.002,1.0,1.0,6.0,0,0.0,0,0,0,0,PASS,0,0
MTLS10,mTLS 客户端凭证,6714d3187c528ac2b9aac5c67729b1653b67a427,600.0,4000,3998.342,3.0,8.0,21.0,995,0.000415,0,0,0,0,PASS,11144,3.078608
PAR10,签名 PAR,6714d3187c528ac2b9aac5c67729b1653b67a427,600.0,4800,4800.007,3.0,19.0,30.0,0,0.0,0,0,0,0,PASS,0,0
NATIVE10,Native SSO,6714d3187c528ac2b9aac5c67729b1653b67a427,600.0,400,0.0,2.0,3.0,5.0,0,0.0,0,0,240000,0,FAIL,0,0
MIX30,Disabled mixed,6714d3187c528ac2b9aac5c67729b1653b67a427,1200.0,1600,1599.981,5.0,34.0,78.0,0,0.0,0,23,0,0,FAIL,331,0.128625
AUTH10,授权码,6714d3187c528ac2b9aac5c67729b1653b67a427,600.0,800,800.0,13.0,108.0,142.0,0,0.0,0,0,0,0,FAIL,3809,1.583284
CC10,客户端凭证,6714d3187c528ac2b9aac5c67729b1653b67a427,420.0,4000,4000.0,3.0,7.0,21.0,0,0.0,0,0,0,0,PASS,7329,1.770683
REFRESH10,刷新,6714d3187c528ac2b9aac5c67729b1653b67a427,300.0,2000,1997.753,5.0,11.0,163.0,675,0.001125,0,0,0,0,FAIL,2336,1.158827
FAPI10,FAPI 已登录授权,6714d3187c528ac2b9aac5c67729b1653b67a427,300.0,320,320.0,20.0,34.0,176.0,0,0.0,0,0,0,0,PASS,63,0.044789
COLD10,冷登录＋刷新,6714d3187c528ac2b9aac5c67729b1653b67a427,300.0,16,16.0,138.0,149.0,161.01000000000022,0,0.0,0,0,0,0,PASS,128,1.948392
NATIVE6R2,Native SSO 修正夹具复测,6714d3187c528ac2b9aac5c67729b1653b67a427,180.0,400,400.0,7.0,27.0,42.0,0,0.0,0,0,0,0,PASS,1536,1.894736
REQUIRED5R2,Required mixed 修正夹具复测,6714d3187c528ac2b9aac5c67729b1653b67a427,180.0,1600,1599.994,9.0,44.0,76.0,0,0.0,0,1,0,0,FAIL,1192,1.803488
AUTH1R2,授权码环境复测,6714d3187c528ac2b9aac5c67729b1653b67a427,60.0,800,800.0,12.0,19.0,31.0,0,0.0,0,0,0,0,PASS,83,0.028465
MIX1R2,mixed 环境复测,6714d3187c528ac2b9aac5c67729b1653b67a427,60.0,1600,1599.983,3.0,13.0,21.0,0,0.0,0,1,0,0,PASS,92,0.036748
