app_cores,app_rss_kb,audit-receiver_cores,audit-receiver_rss_kb,audit-worker_cores,audit-worker_rss_kb,interval_s,offset_s,postgres_cores,postgres_rss_kb,ts,valkey_cores,valkey_rss_kb
1.586177455246072,92984,0.06533454049068488,9200,0.09255726569513692,21616,5.510102272033691,0.05829501152038574,3.78758850011276,2708256,1791603704.856295,0.19055907643116426,16712
1.5829848683414258,93208,0.0618637764639178,9164,0.10371280171892101,21588,5.495946407318115,5.554241418838501,4.272239621684676,3246108,1791603710.3522415,0.19650846641479772,18560
1.5998126786524636,93288,0.0751003768363056,9468,0.10479122349251944,21560,5.725670337677002,11.279911756515503,4.364554458463434,3814368,1791603716.0779119,0.2060894062019549,20032
1.6155595117740829,93468,0.06708832989409771,9384,0.09791269768327775,21608,5.515117168426514,16.795028924942017,4.621841970271758,4391264,1791603721.593029,0.19219899915606373,21564
1.5739012160866002,93520,0.05716780807579024,9412,0.0911111941207907,21636,5.597555875778198,22.392584800720215,3.982095131279264,4830536,1791603727.190585,0.18758187024868675,23508
1.5951017117387785,93472,0.06344154535324686,9428,0.09063077907606694,21484,5.516889572143555,27.90947437286377,3.010754480906944,5035520,1791603732.7074745,0.1776363269890912,24944
1.646880190232856,93508,0.0652229778310042,9412,0.0978344667465063,21560,5.519527196884155,33.429001569747925,3.1307029358882015,5194208,1791603738.2270017,0.1956689334930126,26436
1.5979998789887997,93776,0.07532659362236765,9436,0.1129898904335515,21644,5.5757200717926025,39.00472164154053,3.0740424159223374,5267984,1791603743.8027217,0.19549044535328752,27900
1.6090067923202713,93816,0.07090538406835095,9460,0.10908520625900145,21632,5.5002875328063965,44.505009174346924,3.1943784566177595,5362212,1791603749.3030093,0.21635232574701954,29380
1.5894671843382884,93792,0.06703635183668696,9468,0.09526218418897622,21644,5.6685662269592285,50.17357540130615,3.1365956201481433,5425096,1791603754.9715755,0.20992962812015128,30916
1.5808331671997817,93820,0.04883580722470722,9964,0.07054061043568821,21636,5.528730154037476,55.70230555534363,3.2683816168535533,5448852,1791603760.5003057,0.20619563050431935,33544
1.6102005470871132,93772,0.07008489867626173,9996,0.1051273480143926,21608,5.707363605499268,61.409669160842896,3.12753860342818,5488036,1791603766.2076693,0.20324620616115902,34944
1.5873512882866263,93780,0.07827535022514326,9996,0.1128621328827647,21640,5.493427991867065,66.90309715270996,3.3148700641857185,5493408,1791603771.7010972,0.22390390878354932,36520
1.6150844270308542,93812,0.06447112861228589,9996,0.09753324584935558,21528,6.049219369888306,72.95231652259827,3.023530621330023,5535512,1791603777.7503166,0.1934133858368577,38008
1.5548769330229848,93700,0.06706620142437392,9988,0.09353970198662678,21632,5.666043281555176,78.61835980415344,3.736293379352621,5556912,1791603783.41636,0.1941390041231877,39428
1.5677908476398632,93808,0.06327407008412003,9996,0.08963826595250339,21488,5.689534425735474,84.30789422988892,3.30431254883738,5591724,1791603789.1058943,0.17751891884711454,40892
1.595525366720518,93700,0.05996849328220626,9916,0.08722689931957274,21560,5.502889633178711,89.81078386306763,3.076565428084097,5706468,1791603794.608784,0.18717438812324985,42300
1.6109445109270506,93812,0.0597316504051603,9920,0.09955275067526717,21644,5.524709224700928,95.33549308776855,3.0354538705895098,5606364,1791603800.1334932,0.1900552512891464,43712
1.598917626013225,93788,0.07457977550232335,9940,0.1091411348814488,21480,5.497468948364258,100.83296203613281,3.1469027224151076,5621020,1791603805.6309621,0.19645404278660786,45408
1.5421839989888229,93780,0.07123251727431053,9972,0.11397202763889684,21608,5.615412950515747,106.44837498664856,3.0024506031121887,5622516,1791603811.246375,0.20479348716364276,46908
1.6004804314806347,93820,0.07789949002781851,9960,0.1079970202658393,21560,5.648303985595703,112.09667897224426,3.071718527233298,5640548,1791603816.894679,0.1858965102936578,48436
1.6689211789235658,93772,0.07667052424542023,9916,0.1158973040919143,21608,5.608413457870483,117.70509243011475,3.214812911964946,5642144,1791603822.5030925,0.20683211191787781,50052
1.5197375665448045,93812,0.07088650765453582,9992,0.10719423108734685,21612,5.783893346786499,123.48898577690125,2.963401807801815,5659188,1791603828.2869859,0.17808073874188268,51648
1.573464317622087,93776,0.073060064578149,9988,0.10869912046992901,21560,5.611820936203003,129.10080671310425,3.0952520042010936,5659832,1791603833.8988068,0.21383433535068,55140
1.5702737979301071,93768,0.07633275406604687,10000,0.11268168457368824,21592,5.502225160598755,134.603031873703,3.107833558403337,5676716,1791603839.401032,0.19264933169049925,56664
1.6063606213657589,94024,0.06475809895763418,9916,0.09533831235429477,21644,5.559150218963623,140.16218209266663,3.77755577252866,5694396,1791603844.9601822,0.20326847728368502,58064
1.6070771807624782,94024,0.06734071991869954,9920,0.10192108960668039,21636,5.494446754455566,145.6566288471222,3.5945384280927457,5699148,1791603850.454629,0.18382196518347713,59452
1.636569402748415,94320,0.06239643692395917,9988,0.0998342990783347,21608,5.609294652938843,151.26592350006104,3.790137854295349,5707676,1791603856.0639236,0.15331695929887112,60856
1.6546496015746466,96868,0.06323501662068713,10204,0.10012210964942128,21484,5.6930482387542725,156.9589717388153,3.8046401666780088,5708400,1791603861.7569718,0.1457918438754731,62380
1.8396979697557747,96864,0.07200383443271134,10224,0.108005751649067,21600,5.555259704589844,162.51423144340515,4.30402920321532,5714928,1791603867.3122315,0.20161073641159177,63968
1.6801044067772,96948,0.0640204562829623,10104,0.09689582572556457,21484,5.779402732849121,168.29363417625427,3.68723222537818,5715312,1791603873.0916343,0.19725221665561354,65284
1.7243989441050147,96948,0.030504455827039808,10444,0.04127073435423033,21596,5.572956323623657,173.86659049987793,3.649768420717586,5722144,1791603878.6645906,0.15431665888973078,66672
1.754447388926159,96976,0.059503354403456575,10472,0.0901565975809948,21528,5.545905828475952,179.41249632835388,3.934433918434613,5722444,1791603884.2104964,0.16588813954903045,68192
1.7554355304377711,96868,0.05040359443831224,10524,0.07647441914778409,21600,5.753557920455933,185.16605424880981,3.6255826895972185,5729256,1791603889.9640543,0.15294883829556818,69552
1.8335496930958877,96944,0.06664178648776803,10480,0.10986889123659052,21584,5.552072048187256,190.71812629699707,4.011115094817821,5739188,1791603895.5161264,0.16930616026622144,71128
1.670123197540205,97540,0.06580890128752671,10368,0.10849575617673322,21604,5.622339725494385,196.34046602249146,3.7368784217592874,5739948,1791603901.1384661,0.14228951629735506,72552
1.8188822298892557,97516,0.0722617940169181,10484,0.10751144963492694,21584,5.673814296722412,202.01428031921387,3.946198946436089,5909136,1791603906.8122804,0.18506069199454636,74024
2.0934909218774664,97456,0.07050617094405975,10528,0.1012396300735217,21604,5.531430721282959,207.54571104049683,3.906765010515721,5763816,1791603912.3437111,0.2024792601470434,75480
1.7410451046404507,98096,0.019825565373752543,10896,0.030639510123072113,21616,5.548391580581665,213.0941026210785,3.9434851852518693,5773092,1791603917.8921027,0.14779057824070077,77036
1.802060526090907,98136,0.06680985918373102,10904,0.10834031218983407,21588,5.538104772567749,218.63220739364624,4.201798441095732,5773076,1791603923.4302075,0.14987076519593714,78584
1.8321241464962246,98052,0.07101256381768313,10792,0.11006947391740884,21608,5.632806062698364,224.2650134563446,4.308687309637923,5782516,1791603929.0630136,0.17398078135332365,80124
1.9628958883012013,98104,0.06946727735367228,10900,0.11221637110977829,21556,5.614154100418091,229.8791675567627,4.1840675513788765,5799828,1791603934.6771677,0.19058970966263933,81580
1.886177396167664,98116,0.067237092921549,10912,0.10439443374661554,21632,5.651642322540283,235.53080987930298,4.012992809107187,5918868,1791603940.32881,0.17163152666816453,83172
1.7217477962044696,98096,0.07129390460473994,10860,0.10872320452222842,21608,5.610577821731567,241.14138770103455,4.243769671597145,5834196,1791603945.9393878,0.1479348520548354,84668
1.6946200768888415,98136,0.06511001333840824,10888,0.10558380541363498,21584,5.682689666748047,246.8240773677826,4.2919816900642624,5834440,1791603951.6220775,0.1530965178497707,86168
1.6821551635437284,98128,0.06579253810900416,10864,0.10313424892762815,21560,5.623738050460815,252.4478154182434,4.795742575134709,5846424,1791603957.2458155,0.22405026491174393,87672
1.6225316285217448,98056,0.07069854590508692,10944,0.1042803552100032,21636,5.657824993133545,258.10564041137695,4.233075436067079,5846376,1791603962.9036405,0.1820487557055988,89156
1.6558397227201251,98136,0.042869636834178,10912,0.064304455251267,21564,5.598367929458618,263.70400834083557,4.345909434064795,6031720,1791603968.5020084,0.135753849974897,90592
1.824169636543383,98096,0.06045006592833824,10896,0.0977868713546648,21604,5.624476909637451,269.328485250473,4.33284737256942,5866668,1791603974.1264853,0.16890459597623916,91936
1.9078073597934866,98104,0.06750156394055166,10896,0.10125234591082749,21588,5.629499197006226,274.95798444747925,4.906297884310624,5872352,1791603979.7559845,0.25224268630416674,97708
1.617252662372235,98056,0.06448097899544472,10888,0.10456374972234278,21584,5.738126277923584,280.69611072540283,4.226118217944688,5877948,1791603985.4941108,0.14987470793535798,98436
1.6789918307426765,98632,0.06546121995519393,10904,0.09907644101326649,21560,5.652201414108276,286.3483121395111,4.157672078235289,5877796,1791603991.1463122,0.2211527701188984,98796
1.6903275700048885,98840,0.0686695575314486,10860,0.10564547312530553,21560,5.679372549057007,292.0276846885681,4.049743136470045,5882296,1791603996.8256848,0.1584682096879583,97968
1.627362551170658,98844,0.06473486391397092,10936,0.10429505852806424,21636,5.561145544052124,297.58883023262024,4.241931777029372,5882448,1791604002.3868303,0.14025887181360366,97984
1.7937144468462531,98888,0.06933088545788293,10860,0.10844061571617586,21632,5.625198602676392,303.21402883529663,4.097633102062055,5887316,1791604008.012029,0.1742160711505776,97836
1.6786964480681335,98868,0.06728952007024164,10896,0.1044758337932699,21644,5.6472389698028564,308.8612678050995,4.2286151033615,5887504,1791604013.659268,0.14697447804815936,97852
1.6488206247077217,99132,0.06494260666244855,10860,0.10643371647456845,21644,5.54335618019104,314.4046239852905,4.306055613979575,5891960,1791604019.202624,0.14431690369433012,97848
1.9245393465536424,99196,0.0647508565195618,10896,0.09352901497270039,21636,5.55977201461792,319.96439599990845,3.599068441545644,6015212,1791604024.762396,0.2032457440752912,97816
1.7010891710833658,99184,0.04583245435043266,10856,0.07227425493722071,21600,5.672836065292358,325.6372320652008,4.235976454003449,5897956,1791604030.4352322,0.1410229364628697,97920
1.9900429194538172,99140,0.06460013083889758,10920,0.10946133281035424,21632,5.572744131088257,331.20997619628906,3.7683409656023588,5902852,1791604036.0079763,0.18841704828011796,97852
1.7807786189790218,99108,0.07008109600421983,10892,0.10422316841653205,21644,5.564981460571289,336.77495765686035,4.4169059994454445,5904636,1791604041.5729578,0.165319508522775,97812
1.655168206060386,99152,0.06656654741764596,10860,0.10614665669300302,21604,5.558347463607788,342.33330512046814,4.5751008130560455,5908488,1791604047.1313052,0.17451229998680157,98912
1.6411887033535866,99420,0.045137203062529885,10940,0.06680306053254423,21608,5.538668394088745,347.8719735145569,4.120123895547728,5909000,1791604052.6699736,0.148050026045098,98908
1.7545423083810638,99452,0.06810276580028644,10784,0.11111503893730947,21564,5.579802751541138,353.451776266098,4.122009508964706,5913084,1791604058.2497764,0.18100998278497188,98000
1.8762844849658276,99416,0.07591902540324157,10916,0.1102633464189937,21640,5.532210111618042,358.98398637771606,3.8700626997223857,5913148,1791604063.7819865,0.19702794687984124,98016
1.6610186282757846,99364,0.0506628775508954,10856,0.07599431632634308,21616,5.526729106903076,364.51071548461914,4.2647286566950156,5914604,1791604069.3087156,0.14656046720080454,98040
1.7729169046091238,99368,0.06546699148756245,10404,0.10616268889874993,21484,5.651703119277954,370.1624186038971,4.4853736059721845,6225464,1791604074.9604187,0.1610134114964374,97840
1.9117826288352056,99396,0.06604664544061867,10304,0.09639240145387591,21636,5.6021013259887695,375.76451992988586,3.9324529704238635,5919944,1791604080.56252,0.19278480290775182,97896
1.6635143723331067,99336,0.06377690884344178,10360,0.09389378246395598,21592,5.644676208496094,381.40919613838196,4.501586815866267,6086560,1791604086.2071962,0.14526962569895074,97872
1.7856122863442163,99412,0.06833158799705964,10328,0.10069918231145632,21604,5.561117649078369,386.9703137874603,3.975819501618391,5923196,1791604091.768314,0.19240736620224688,97952
1.6442347778458435,99408,0.057811770885996566,10356,0.08841800253152415,21604,5.881155252456665,392.851469039917,3.356483403792859,5925520,1791604097.6494691,0.1938394670883414,97828
1.5488330354840347,99428,0.07106410398103218,10360,0.10568507771538119,21488,5.488002777099609,398.3394718170166,3.12864273167775,5925536,1791604103.137472,0.20408152938142576,97824
1.6107179860579819,99396,0.07090067884453871,10256,0.10362406908047965,21560,5.500652551651001,403.8401243686676,3.9577122524246353,6074364,1791604108.6381245,0.2290637316515866,98532
1.5504124058388427,99448,0.06850659467660003,10332,0.09915428176876322,21560,5.546911239624023,409.3870356082916,3.551526092444791,5928592,1791604114.1850357,0.20912539427593693,98536
1.5489583116951993,99420,0.06537221479604594,10256,0.09261063762773174,21648,5.506926774978638,414.89396238327026,3.42840948708152,5931624,1791604119.6919625,0.1870371701109092,97632
1.5535016418026193,99408,0.06010029798298528,10332,0.08923983639897815,21600,5.490821361541748,420.384783744812,3.440286754238157,5933736,1791604125.1827838,0.18212211509995538,97484
1.5515676203021298,99368,0.06366338418590217,10368,0.09640455319579472,21588,5.497665643692017,425.882449388504,3.3887109925238783,5933768,1791604130.6804495,0.1891711987238236,97488
1.5748526545957071,99412,0.06629072607513216,10412,0.10033190973533516,21556,5.581474542617798,431.4639239311218,3.4507010383974204,5935412,1791604136.261924,0.19708053698012265,97428
1.592025655752662,99420,0.06274875895421528,10356,0.095019549273526,21556,5.577799558639526,437.04172348976135,3.4153253087937174,5935472,1791604141.8397236,0.18466063349383352,97504
1.6715633399168177,99368,0.06052519015673249,10404,0.09968854849344175,21596,5.617495775222778,442.65921926498413,3.692036599560681,6093936,1791604147.4572194,0.19047633372854048,97384
1.5855397384349013,99392,0.06384723778932488,10368,0.09045025353487691,21596,5.638458490371704,448.29767775535583,3.256209127255569,5943732,1791604153.0956779,0.18799464460190105,97528
1.6981496855393705,99412,0.06905926771223718,10332,0.10624502724959566,21616,5.647323131561279,453.9450008869171,3.2369318302043477,5945384,1791604158.743001,0.20717780313671152,97476
1.585447702796788,99416,0.06481940884362558,10332,0.10511255488155499,21600,5.708166837692261,459.6531677246094,3.00446719369778,5945512,1791604164.4511678,0.18219509512802867,97512
1.7217676319178314,99424,0.0722672668171178,10364,0.1047875368848208,21640,5.535009384155273,465.18817710876465,3.2321535083955935,5947616,1791604169.9861772,0.2005416654175019,98044
1.7901349041253167,99396,0.06399869422307057,10332,0.0987408425155946,21556,5.4688615798950195,470.65703868865967,4.2623130352565,5949392,1791604175.4550388,0.19199608266921173,97232
1.749684503201259,99440,0.07282765882211276,10304,0.10560010529206348,21608,5.4924187660217285,476.1494574546814,3.6049691116945817,5949312,1791604180.9474576,0.20209675323136292,97132
1.7257066443193585,99364,0.0575817181623244,10380,0.09247972916979373,21564,5.730985641479492,481.8804430961609,3.6293931447768104,5950852,1791604186.6784432,0.20066356329294863,97152
1.735412053077753,99368,0.05971699452718024,10360,0.08867068884338884,21560,5.526065111160278,487.40650820732117,3.6318790307894164,5950684,1791604192.2045083,0.2044854661082232,97232
1.7862013695997276,99408,0.06870005267691259,10260,0.10847376738459882,21608,5.531291246414185,492.93779945373535,3.7188423251686635,5952156,1791604197.7357996,0.21333174252304435,97224
1.709694618468273,99440,0.06704684778306953,10380,0.09527709948120408,21616,5.6676788330078125,498.60547828674316,3.5181951178800177,5952184,1791604203.4034784,0.21172688773600906,97232
1.5738940479274162,99420,0.04618650704978874,10624,0.06750335645738353,21560,5.629349708557129,504.2348279953003,3.378720631103776,5954928,1791604209.032828,0.1936280487856528,97224
1.602716753235739,99412,0.06999546850637606,10640,0.10589058056092787,21532,5.571789264678955,509.80661725997925,3.1354380379651015,5954896,1791604214.6046174,0.17768080467003153,97140
1.5678384415833262,99364,0.0711844922398786,10672,0.10321751374782395,21616,5.619201421737671,515.4258186817169,3.173048741592588,5955340,1791604220.2238188,0.1939777413536692,97068
1.607160977974691,99412,0.06688971449388477,10672,0.09762282655864264,21648,5.531493186950684,520.9573118686676,3.2595177089857903,5958120,1791604225.755312,0.21332395433184873,97540
1.5733008511100408,99420,0.0717583056378582,10676,0.10584350081584083,21560,5.574267625808716,526.5315794944763,3.099958803555474,5958980,1791604231.3295796,0.22603866275925333,97876
1.6078021504290776,99368,0.06684121299536615,10596,0.10116507912812174,21604,5.535506963729858,532.0670864582062,3.379997554441353,5972852,1791604236.8650866,0.18787800409508323,97328
1.77380429322649,99392,0.07594269145312188,10644,0.11572219649999527,21616,5.530486106872559,537.5975725650787,4.126219568952956,6086072,1791604242.3955727,0.19166488795311715,97332
1.7305114303976852,99372,0.0712878035179273,10644,0.10514951018894275,21588,5.611057996749878,543.2086305618286,3.566172370984313,5976856,1791604248.0066307,0.18534828914661097,97436
1.571449761801233,99368,0.07280162738288198,10592,0.10653896690177851,21588,5.631742238998413,548.840372800827,3.453638177065987,5976904,1791604253.638373,0.19354578987156432,97432
1.5445583000896108,99416,0.0685668404245388,10620,0.10645904171178391,21616,5.542037487030029,554.382410287857,3.413906896927037,5977476,1791604259.1804104,0.18404783482376202,97364
1.5512089278745387,99392,0.061830133115749496,10644,0.085471066365889,21644,5.498936891555786,559.8813471794128,3.3824719880968845,5987468,1791604264.6793473,0.18185333269338086,97336
1.5666633294105605,99452,0.06368550119555125,10648,0.09643804466754904,21604,5.495756387710571,565.3771035671234,3.6992178265873052,6129708,1791604270.1751037,0.19105650358665374,97324
1.5442048168732023,99396,0.06133523805337486,10564,0.09200285708006228,21644,5.543306112289429,570.9204096794128,3.2850431910351654,6130852,1791604275.7184098,0.18580969174992973,97352
1.5476012875715528,99448,0.03936095760297591,10524,0.05367403309496714,21596,5.589294910430908,576.5097045898438,2.8626150983982477,5979996,1791604281.3077047,0.1824917125228883,97364
1.5767975564819554,99368,0.06350738144633883,10596,0.0907248306376269,21528,5.511170387268066,582.0208749771118,3.3441172573029276,5980676,1791604286.818875,0.22499757998131473,97648
1.586139681011718,99364,0.04644102669628904,10636,0.0678753467099609,21484,5.598498106002808,587.6193730831146,3.4419945555288067,5980812,1791604292.4173732,0.20183984679541003,97652
1.5797182828400251,99368,0.04008512367068114,10620,0.05648358335414161,21596,5.488320350646973,593.1076934337616,3.531134985171821,5981308,1791604297.9056935,0.18402715866994526,97252
1.5894609778539508,99408,0.032734894280744976,10520,0.04728373618329831,21588,5.4987194538116455,598.6064128875732,4.042759443672005,5981732,1791604303.404413,0.18913494473319323,97188
