ts,db_bytes,pending,oldest_pending_s,decision_eligible,decision_retained,decision_oldest_due_s,family_eligible,family_live,family_oldest_due_s,contract_orphan,spent_eligible,spent_retained,anchor,issuances,issuances_eligible,issuances_oldest_due_s
1791559419.893918,12564159,0,0,0,0,0,0,0,0,0,0,0,0,0,0,0
1791559429.896974,28300991,32,0.017953,0,2140,0,1,3129,0.012227,0,0,1654,9090,2138,0,0
1791559439.980629,45840063,19,0.002108,0,4934,0,139,5786,10.016734,0,72,7703,29947,4933,0,0
1791559449.985385,63927999,54,0.019359,0,7644,0,753,7882,20.015661,0,204,10064,51257,7643,0,0
1791559459.984302,83072703,64,0.018664,0,10463,0,2103,9350,30.013825,0,730,11968,73409,10461,0,0
1791559469.976425,103732927,52,0.01216,0,13211,0,1286,9980,5.621832,6,782,13185,96322,13208,0,0
1791559479.985463,123852479,32,0.004641,0,15945,0,3827,10172,15.62426,6,2704,13809,119654,15941,0,0
1791559489.978216,133191359,50,0.008603,0,18700,0,6537,10219,25.625341,6,4989,14018,143187,18698,0,0
1791559499.978189,138958527,33,0.006795,0,21510,0,9329,10237,35.621491,6,7426,13981,166832,21508,0,0
1791559509.969486,146577087,22,0.001841,0,24257,0,12073,10240,45.622506,6,9913,13965,190345,24255,0,0
1791559519.98144,158987967,44,0.021329,2141,24861,4.866142,14819,10240,55.629007,6,12462,13885,213786,27001,0,0
1791559529.974181,173455039,44,0.017579,957,24780,3.510225,916,10240,3.512328,0,751,14053,237246,29713,0,0
1791559539.971216,189863615,33,0.014584,3666,24864,13.508902,3707,10240,13.511005,0,3251,14065,260815,32504,0,0
1791559549.978764,198170303,65,0.016927,6486,24791,23.508955,6455,10240,23.511058,0,5715,14091,284227,35252,0,0
1791559559.978991,200865471,47,0.041997,9233,24793,33.51004,9204,10240,33.512143,0,8180,14174,307730,38001,0,0
1791559569.972237,204428991,60,0.016768,11966,24882,43.509461,12025,10240,43.511564,0,10755,14061,331376,40822,0,0
1791559579.981259,209802943,70,0.015868,14719,24928,53.510325,14826,10240,53.512428,0,13362,14008,355122,43623,0,0
1791559589.987776,217683647,33,0.002951,313,24828,1.115056,270,10240,1.110679,0,242,14187,378652,46339,0,0
1791559599.977487,225957567,43,0.004344,3057,24890,11.111031,3076,10240,11.106654,0,2792,14167,402283,49145,0,0
1791559609.982991,229791423,33,0.005333,5802,24883,21.112018,5814,10240,21.107641,0,5335,14124,425777,51883,0,0
1791559619.985732,231847615,92,0.027214,8516,25000,31.115473,8644,10240,31.111096,0,7933,13960,449322,54713,0,0
1791559629.980752,233846463,46,0.021888,11306,24952,41.111281,11386,10240,41.106904,0,10364,13916,472819,57455,0,0
1791559639.97351,235951807,63,0.018396,14054,25013,51.110584,14194,10240,51.106207,0,12878,13869,496377,60263,0,0
1791559649.968587,238704319,27,0.004913,9130,25078,33.164183,9357,10240,33.488572,52,8390,13808,520054,63086,0,0
1791559660.107813,244561599,59,0.011292,2483,25058,8.763425,2441,10240,8.760058,0,2128,13790,543910,65913,0,0
1791559669.974939,247715519,36,0.013987,5248,24979,18.645346,5126,10240,18.641979,0,4557,13801,567133,68598,0,0
1791559679.981176,249607871,48,0.01843,7964,25084,28.645444,7948,10240,28.642077,0,7027,13778,590797,71420,0,0
1791559689.983227,251803327,34,0.005332,10773,25088,38.653775,10763,10240,38.650408,0,9481,13893,614558,74235,0,0
1791559699.98184,254015167,36,0.004986,13508,25129,48.647496,13538,10240,48.644129,0,11896,13927,638080,77010,0,0
1791559709.977887,256415423,44,0.004825,16338,25079,58.646989,16319,10240,58.643622,0,14382,13950,661627,79791,0,0
1791559719.985152,261248703,51,0.012095,1664,25212,5.961412,1715,10240,5.970095,0,1513,13785,685501,82669,0,0
1791559730.001546,265934527,80,0.0281,4476,25037,15.971753,4350,10240,15.980436,0,3945,13686,707034,85304,0,0
1791559740.01004,268302015,62,0.018092,7301,24946,25.980009,7086,10240,25.988692,0,6268,13887,730488,88040,0,0
1791559749.996682,270661311,406,0.310828,10092,24893,35.968793,9821,10240,35.977476,0,8663,13974,753212,90775,0,0
1791559760.01602,278345407,41,0.00708,12810,25025,45.971507,12673,10240,45.98019,0,11082,14079,777263,93627,0,0
1791559770.043835,287463103,40,0.018255,15638,24988,55.997824,15463,10240,56.006507,0,13552,14114,800927,96417,0,0
1791559782.010305,302249663,1946,0.966193,0,24516,0,15,10240,0.039575,3,4,14035,822045,99219,0,0
1791559789.990091,305313471,10,0.01421,2203,23403,7.900028,1140,10240,7.912041,0,929,13895,835488,100415,2171,4.904644
1791559799.980893,305575615,14,0.008328,4982,21004,17.892373,1520,10240,17.904386,0,1010,13894,843087,100795,4955,14.896989
1791559809.985305,305845951,13,0.007622,7860,18506,27.891782,1900,10240,27.903795,0,1090,13894,850687,101175,7678,24.896398
1791559819.980304,306058943,0,0,10495,16158,37.894156,2187,10240,37.906169,0,1137,13894,856770,101462,10487,34.898772
1791559828.250267,306058943,0,0,12767,13886,46.174099,2187,10240,46.186112,0,1137,13894,856770,101462,12956,43.178715
1791559830.010634,306058943,0,0,13237,13416,47.930577,2187,10240,47.94259,0,1137,13894,856770,101462,13234,44.935193
1791559839.970415,306058943,0,0,15983,10670,57.891454,2187,10240,57.903467,0,1137,13894,856770,101462,15981,54.89607
1791559849.968765,289527487,0,0,1657,7837,5.847356,0,10240,0,0,0,13894,856770,84099,1366,4.897354
1791559859.970335,289527487,0,0,4444,5050,15.846058,0,10240,0,0,0,13894,856770,84099,4169,14.896056
1791559860.243433,289527487,0,0,4527,4967,16.121005,0,10240,0,0,0,13894,856770,84099,4437,15.171003
1791559862.529434,289527487,0,0,5140,4354,18.404462,0,10240,0,0,0,13894,856770,84099,4984,17.45446
1791559864.816259,289527487,0,0,5771,3723,20.689058,0,10240,0,0,0,13894,856770,84099,5546,19.739056
1791559867.209737,289527487,0,0,6304,3190,23.089167,0,10240,0,0,0,13894,856770,84099,6381,22.139165
1791559869.478552,289527487,0,0,6656,2838,25.355982,0,10240,0,0,0,13894,856770,84099,6917,24.40598
1791559869.969096,289527487,0,0,6813,2681,25.846426,0,10240,0,0,0,13894,856770,84099,6917,24.896424
1791559871.802386,289527487,0,0,7303,2191,27.680094,0,10240,0,0,0,13894,856770,84099,7500,26.730092
1791559874.071232,289527487,0,0,7968,1526,29.950768,0,10240,0,0,0,13894,856770,84099,8299,29.000766
1791559876.35444,289527487,0,0,8310,1184,32.230022,0,10240,0,0,0,13894,856770,84099,8874,31.28002
1791559878.62844,289527487,0,0,8396,1098,34.507288,0,10240,0,0,0,13894,856770,84099,9400,33.557286
1791559879.965397,289527487,0,0,8448,1046,35.846227,0,10240,0,0,0,13894,856770,84099,9674,34.896225
1791559880.89605,289527487,0,0,8483,1011,36.775763,0,10240,0,0,0,13894,856770,84099,9935,35.825761
1791559883.281518,289527487,0,0,8573,921,39.161225,0,10240,0,0,0,13894,856770,84099,10737,38.211223
1791559885.556419,289527487,0,0,8659,835,41.435705,0,10240,0,0,0,13894,856770,84099,11320,40.485703
1791559887.826498,289527487,0,0,8745,749,43.699474,0,10240,0,0,0,13894,856770,84099,11841,42.749472
1791559889.977486,289527487,0,0,8828,666,45.849887,0,10240,0,0,0,13894,856770,84099,12379,44.899885
1791559890.11951,289527487,0,0,8833,661,45.988564,0,10240,0,0,0,13894,856770,84099,12662,45.038562
1791559892.399823,289527487,0,0,8920,574,48.277711,0,10240,0,0,0,13894,856770,84099,13204,47.327709
1791559894.682506,289527487,0,0,9006,488,50.560233,0,10240,0,0,0,13894,856770,84099,13757,49.610231
1791559897.074469,289527487,0,0,9097,397,52.954441,0,10240,0,0,0,13894,856770,84099,14617,52.004439
1791559899.370725,289527487,0,0,9185,309,55.24814,0,10240,0,0,0,13894,856770,84099,15168,54.298138
1791559899.969897,289527487,0,0,9208,286,55.848223,0,10240,0,0,0,13894,856770,84099,15168,54.898221
1791559901.784167,289527487,0,0,9276,218,57.659429,0,10240,0,0,0,13894,856770,84099,15734,56.709427
1791559904.060437,289019583,0,0,9362,132,59.936224,0,10240,0,0,0,13894,856770,84099,16280,58.986222
1791559906.325791,289019583,0,0,55,50,1.561659,0,10240,0,0,0,13894,856770,67565,553,1.254106
1791559908.581451,289019583,0,0,105,0,3.816521,0,10240,0,0,0,13894,856770,67565,1100,3.508968
1791559909.968581,289019583,0,0,105,0,5.204654,0,10240,0,0,0,13894,856770,67565,1382,4.897101
1791559910.837372,289019583,0,0,105,0,6.07206,0,10240,0,0,0,13894,856770,67565,1642,5.764507
1791559913.161948,289019583,0,0,105,0,8.395168,0,10240,0,0,0,13894,856770,67565,2477,8.087615
1791559915.421265,289019583,0,0,105,0,10.655376,0,10240,0,0,0,13894,856770,67565,3030,10.347823
1791559917.693829,289019583,0,0,105,0,12.925489,0,10240,0,0,0,13894,856770,67565,3573,12.617936
1791559919.95413,289019583,0,0,105,0,15.182915,0,10240,0,0,0,13894,856770,67565,4148,14.875362
1791559919.966537,289019583,0,0,105,0,15.204324,0,10240,0,0,0,13894,856770,67565,4148,14.896771
1791559922.375504,289019583,0,0,105,0,17.593951,0,10240,0,0,0,13894,856770,67565,4964,17.286398
1791559924.805012,289019583,0,0,105,0,20.021495,0,10240,0,0,0,13894,856770,67565,5522,19.713942
1791559927.261028,289019583,0,0,105,0,22.474301,0,10240,0,0,0,13894,856770,67565,6409,22.166748
1791559929.833509,289019583,0,0,105,0,25.048005,0,10240,0,0,0,13894,856770,67565,6958,24.740452
1791559930.008352,289019583,0,0,105,0,25.220505,0,10240,0,0,0,13894,856770,67565,6958,24.912952
1791559932.259496,289019583,0,0,105,0,27.482032,0,10240,0,0,0,13894,856770,67565,7775,27.174479
1791559934.679587,289019583,0,0,105,0,29.851619,0,10240,0,0,0,13894,856770,67565,8330,29.544066
1791559937.091166,289019583,0,0,105,0,32.306466,0,10240,0,0,0,13894,856770,67565,8905,31.998913
1791559939.487358,289019583,0,0,105,0,34.676966,0,10240,0,0,0,13894,856770,67565,9757,34.369413
1791559940.009676,289019583,0,0,105,0,35.222627,0,10240,0,0,0,13894,856770,67565,9757,34.915074
1791559941.959463,289019583,0,0,105,0,37.175625,0,10240,0,0,0,13894,856770,67565,10315,36.868072
1791559944.364807,289019583,0,0,105,0,39.543121,0,10240,0,0,0,13894,856770,67565,11135,39.235568
1791559945.46096,289019583,0,0,105,0,40.681644,0,10240,0,0,0,13894,856770,67565,11403,40.374091
1791559945.46096,289019583,0,0,105,0,40.681644,0,10240,0,0,0,13894,856770,67565,11403,40.374091
1791559950.116207,289019583,0,0,105,0,45.333926,0,10240,0,0,0,13894,856770,67565,12769,45.026373
