offset_s,full_bucket,completed,begun,success,expected_rejection,other_outcomes,dropped_approx_boundary,success_ops_s,p50_interval_ms,p95_interval_ms,p99_interval_ms,mean_ms,max_ms,max_active_vus
0,True,47350,47364,47350,0,0,0,789.1666666666666,"[20, 50]","[50, 100]","[100, 200]",40.07273495248152,251.0,167
60,True,47969,48000,47969,0,0,0,799.4833333333333,"[20, 50]","[50, 100]","[100, 200]",34.928266171902685,366.0,258
120,True,48032,48000,48032,0,0,0,800.5333333333333,"[20, 50]","[50, 100]","[50, 100]",27.16563957361759,131.0,45
180,True,47986,48000,47986,0,0,0,799.7666666666667,"[20, 50]","[50, 100]","[50, 100]",28.420726878672948,135.0,43
240,True,48011,48000,48011,0,0,0,800.1833333333333,"[20, 50]","[50, 100]","[50, 100]",27.01118493678532,130.0,46
300,True,47981,48000,47981,0,0,0,799.6833333333333,"[20, 50]","[50, 100]","[50, 100]",28.00816990058565,218.0,56
360,True,47975,48000,47975,0,0,0,799.5833333333334,"[20, 50]","[50, 100]","[50, 100]",30.745617509119334,155.0,91
420,True,48038,48000,48038,0,0,0,800.6333333333333,"[20, 50]","[50, 100]","[50, 100]",33.97460343894417,145.0,68
480,True,48006,47999,48006,0,0,0,800.1,"[20, 50]","[50, 100]","[50, 100]",30.55365995917177,135.0,50
540,True,47997,48001,47997,0,0,0,799.95,"[20, 50]","[50, 100]","[50, 100]",30.94628830968602,155.0,52
600,True,48000,48000,48000,0,0,0,800.0,"[20, 50]","[50, 100]","[50, 100]",31.528791666666667,164.0,70
660,True,47991,48000,47991,0,0,0,799.85,"[20, 50]","[50, 100]","[50, 100]",27.920880998520555,139.0,75
720,True,47989,48000,47989,0,0,0,799.8166666666667,"[20, 50]","[50, 100]","[50, 100]",29.677134343287005,147.0,72
780,True,48007,48000,48007,0,0,0,800.1166666666667,"[20, 50]","[50, 100]","[50, 100]",26.418251504988856,191.0,42
840,True,48013,48000,48013,0,0,0,800.2166666666667,"[20, 50]","[50, 100]","[50, 100]",32.19138566638202,283.0,72
900,False,654,635,654,0,0,0,,"[10, 20]","[50, 100]","[50, 100]",23.273700305810397,64.0,23
